Year,Month,Danceability,Energy,Speechiness,Acousticness,Instrumentalness,Liveness
1958,8,0.6795,0.9145,0.04735,0.2505,0.092,0.275
1958,9,0.6833333333333333,0.9113333333333333,0.048244444444444444,0.23555555555555557,0.10222222222222221,0.2644444444444444
1958,10,0.714,0.886,0.0554,0.116,0.184,0.18
1958,11,0.714,0.886,0.0554,0.116,0.18400000000000002,0.18000000000000002
1959,10,0.518,0.556,0.0479,0.526,3e-06,0.0853
1959,11,0.55,0.45046153846153847,0.03734615384615385,0.6441538461538462,2.8e-06,0.1361923076923077
1959,12,0.545375,0.4779166666666667,0.036720833333333334,0.6624166666666667,6.216666666666667e-05,0.13035833333333333
1960,1,0.5486585365853659,0.45682926829268294,0.03704390243902439,0.6723170731707317,0.0001421629268292683,0.16014146341463414
1960,2,0.5312112676056339,0.47584507042253527,0.037229577464788735,0.6969718309859155,0.00010907535211267606,0.15714647887323946
1960,3,0.5195079365079365,0.4781111111111111,0.043242857142857145,0.7318412698412698,0.0003915136507936508,0.18943650793650793
1960,4,0.494864406779661,0.47583050847457625,0.043386440677966105,0.7213728813559322,0.0011545798305084747,0.18851186440677964
1960,5,0.5043623188405797,0.4782463768115942,0.04233188405797102,0.7106376811594203,0.001443118115942029,0.19300724637681158
1960,6,0.5275333333333333,0.48810000000000003,0.03829833333333333,0.6600666666666667,0.002007174,0.17454666666666666
1960,7,0.5597777777777778,0.48383333333333334,0.04240740740740741,0.6615740740740741,0.0014250914814814815,0.19945555555555555
1960,8,0.5740483870967742,0.44551612903225807,0.046145161290322576,0.6886612903225806,0.0011798622580645162,0.24369354838709678
1960,9,0.5660943396226416,0.4440377358490566,0.04897924528301886,0.737754716981132,0.001104941320754717,0.24808301886792453
1960,10,0.5473387096774194,0.4503709677419355,0.0444516129032258,0.7441451612903226,0.001180475,0.23984193548387098
1960,11,0.5399473684210526,0.47521052631578947,0.042757894736842106,0.741578947368421,4.702105263157894e-06,0.24615789473684208
1960,12,0.48573684210526313,0.448,0.0355,0.7109473684210527,7.108947368421052e-06,0.22726315789473683
1961,1,0.45675,0.4043333333333334,0.03125,0.5484466666666666,0.0033596333333333335,0.29786666666666667
1961,2,0.4921304347826087,0.36178260869565215,0.031665217391304346,0.6196834782608696,0.008674173913043478,0.19303478260869564
1961,3,0.5275897435897436,0.43105128205128207,0.03162051282051282,0.6428389743589744,0.0057340743589743585,0.21030256410256412
1961,4,0.5492325581395349,0.4498604651162791,0.03156976744186046,0.6487376744186046,0.0049211904651162795,0.18429767441860465
1961,5,0.5431090909090909,0.5427454545454545,0.03449818181818182,0.5918610909090909,0.0012900318181818184,0.2016709090909091
1961,6,0.5584117647058824,0.5682058823529411,0.034861764705882356,0.5910294117647058,0.06722344176470588,0.1847264705882353
1961,7,0.5453958333333333,0.6335416666666667,0.03685416666666667,0.6114791666666667,0.05973772270833333,0.17502083333333332
1961,8,0.5238333333333334,0.5879523809523809,0.03711190476190476,0.6354095238095239,0.04110910309523809,0.16707619047619046
1961,9,0.5236,0.5555599999999999,0.036146,0.620156,0.0004146768,0.154938
1961,10,0.5143469387755102,0.47097959183673466,0.04895918367346939,0.6150408163265306,0.00031479693877551024,0.14700000000000002
1961,11,0.4728,0.38805,0.06255,0.6789,0.000264522,0.175225
1961,12,0.5615238095238095,0.523,0.08402857142857142,0.5589047619047619,3.8681904761904765e-05,0.1837047619047619
1962,1,0.5813636363636363,0.541030303030303,0.0680060606060606,0.566060606060606,9.660363636363636e-05,0.21195757575757576
1962,2,0.5749189189189189,0.5678648648648649,0.05461891891891892,0.5838648648648649,8.616e-05,0.2378810810810811
1962,3,0.55614,0.56768,0.055496,0.56538,7.37544e-05,0.25354
1962,4,0.586344827586207,0.6056896551724138,0.057827586206896556,0.5656896551724138,7.489655172413793e-05,0.2548620689655172
1962,5,0.58312,0.58476,0.058876,0.57768,6.7134e-05,0.19896
1962,6,0.5876969696969697,0.5140303030303031,0.04589393939393939,0.6013333333333334,6.585606060606062e-05,0.20723636363636364
1962,7,0.56025,0.5184444444444445,0.04343333333333334,0.6434805555555556,4.5216666666666663e-05,0.21111666666666667
1962,8,0.5396382978723404,0.525936170212766,0.046014893617021276,0.6130042553191489,3.0337234042553195e-05,0.20607659574468087
1962,9,0.5442926829268292,0.542609756097561,0.04882682926829268,0.6136219512195122,0.0003451780487804878,0.1753170731707317
1962,10,0.5365454545454545,0.5780454545454545,0.04992272727272728,0.5164636363636363,0.0018143704545454547,0.14508181818181817
1962,11,0.5476,0.5387,0.03956,0.64505,0.002621108,0.14779
1962,12,0.5866875,0.49374999999999997,0.03274375,0.6129375,4.90625e-07,0.1205
1963,1,0.602,0.5203870967741936,0.039461290322580646,0.7075483870967743,0.0047182645161290325,0.1340516129032258
1963,2,0.5411190476190476,0.46761904761904766,0.04269047619047619,0.7266190476190476,0.0035150780952380952,0.14260952380952382
1963,3,0.5392537313432836,0.4814029850746268,0.04654776119402985,0.7003134328358209,0.003578501492537314,0.16795522388059703
1963,4,0.4806739130434783,0.41096956521739136,0.04618043478260869,0.6739130434782609,0.0010053102173913043,0.1821695652173913
1963,5,0.46524999999999994,0.4069055555555556,0.04298888888888888,0.6728333333333334,0.0012314597222222222,0.20502222222222222
1963,6,0.5346315789473683,0.4739342105263158,0.03426315789473684,0.6088684210526316,0.028046976315789476,0.2769578947368421
1963,7,0.5806666666666668,0.57109,0.03742666666666667,0.5562,0.07121492266666668,0.3765
1963,8,0.5548181818181818,0.5569999999999999,0.04386818181818181,0.6625,0.06076960931818182,0.36738863636363633
1963,9,0.4741666666666667,0.5676041666666667,0.04826666666666666,0.6421458333333333,0.044551759375,0.31306666666666666
1963,10,0.48344000000000004,0.52224,0.046174,0.6589,0.010794291999999999,0.307344
1963,11,0.49674,0.53814,0.045674,0.5792,1.07274e-05,0.298574
1963,12,0.5661794871794872,0.47578974358974363,0.04227692307692308,0.5402410256410256,0.06543847948717949,0.25706923076923077
1964,1,0.5549473684210526,0.46173157894736844,0.04172631578947368,0.5324842105263158,0.06716066157894737,0.22607105263157895
1964,2,0.5619772727272727,0.5020795454545455,0.04550454545454545,0.48009090909090907,0.08572922386363636,0.18678863636363638
1964,3,0.5984,0.5199849999999999,0.065665,0.58135,0.05820013049999999,0.201135
1964,4,0.6328666666666667,0.5365333333333333,0.08782666666666666,0.6244,0.07761232,0.14926666666666666
1964,5,0.5694642857142858,0.5826428571428571,0.08039642857142858,0.54475,0.052018607142857144,0.18022142857142856
1964,6,0.5282105263157895,0.4967894736842105,0.04572105263157895,0.6209473684210526,0.0002192,0.15381052631578948
1964,7,0.5259166666666667,0.4742916666666666,0.04367083333333333,0.64925,0.00017145833333333333,0.17775416666666666
1964,8,0.54075,0.42350000000000004,0.03805,0.6429,1.83e-05,0.195905
1964,9,0.5372380952380953,0.43314285714285716,0.04773809523809523,0.6347761904761905,5.390476190476191e-06,0.19402380952380952
1964,10,0.5411621621621622,0.5467837837837838,0.06495135135135136,0.6363864864864864,8.730135135135134e-05,0.22795405405405406
1964,11,0.5266585365853659,0.5482682926829268,0.07851219512195122,0.6607317073170732,0.04541683902439025,0.26445365853658537
1964,12,0.47302272727272726,0.5565681818181818,0.07216818181818181,0.6159318181818182,0.0845741265909091,0.2713840909090909
1965,1,0.48658,0.55012,0.057212,0.5817,0.093076507,0.21622599999999997
1965,2,0.5391794871794872,0.5414102564102564,0.041738461538461544,0.5573333333333333,0.07178196615384616,0.16375897435897435
1965,3,0.5572666666666667,0.5236,0.04296,0.5593,0.00023113866666666668,0.11854999999999999
1965,4,0.5686315789473685,0.5702105263157895,0.05173684210526316,0.5321052631578947,2.002105263157895e-06,0.14397894736842104
1965,5,0.4983214285714285,0.5781785714285714,0.04328214285714286,0.5045357142857142,0.1040068225,0.188
1965,6,0.4540740740740741,0.5454074074074073,0.04888888888888889,0.47237037037037033,0.10786004111111111,0.19094814814814814
1965,7,0.47904878048780486,0.5474634146341464,0.05257560975609757,0.49882926829268287,0.08880352121951218,0.17016341463414633
1965,8,0.5649285714285714,0.5578214285714286,0.05940714285714286,0.4840714285714286,2.3587142857142856e-05,0.1228392857142857
1965,9,0.6258518518518519,0.538074074074074,0.04702222222222222,0.387037037037037,6.5140740740740745e-06,0.10999259259259259
1965,10,0.6324848484848484,0.5088181818181818,0.0432060606060606,0.3107939393939394,0.009247654545454545,0.13825757575757575
1965,11,0.5978461538461539,0.6147692307692307,0.04882307692307692,0.15244615384615384,0.09385076923076922,0.19704615384615384
1965,12,0.4490625,0.6435625,0.05441875,0.35301875,0.076258525625,0.31224999999999997
1966,1,0.4518333333333333,0.6524,0.04909,0.49074066666666666,0.010175201666666666,0.2875333333333333
1966,2,0.4898095238095238,0.6239523809523809,0.044295238095238096,0.4896904761904762,3.3271428571428574e-06,0.23976190476190476
1966,3,0.46832142857142856,0.5468571428571428,0.045760714285714287,0.5152142857142857,0.00045658285714285715,0.2096642857142857
1966,4,0.4654666666666667,0.4722,0.060270000000000004,0.3863666666666667,0.011132102666666666,0.18218666666666666
1966,5,0.421962962962963,0.5225555555555556,0.07346666666666667,0.3743333333333333,0.012132915555555556,0.1542222222222222
1966,6,0.46049999999999996,0.55835,0.051390000000000005,0.31811500000000004,0.015112565,0.12805
1966,7,0.5182571428571429,0.6222571428571428,0.0505,0.39692285714285713,0.018230039714285714,0.23198000000000002
1966,8,0.5736909090909091,0.6465636363636363,0.05858909090909091,0.3891381818181818,0.040882331636363636,0.27333454545454544
1966,9,0.5535813953488372,0.6496046511627906,0.04746511627906977,0.3550273720930232,0.05367590930232558,0.25543255813953486
1966,10,0.5440263157894737,0.6810263157894736,0.04926842105263157,0.2582340789473684,0.0742059,0.24893421052631579
1966,11,0.5366153846153846,0.5571538461538462,0.059730769230769226,0.1954643076923077,0.010785384615384615,0.16295384615384614
1966,12,0.6025238095238096,0.5090952380952382,0.04394285714285714,0.3117619047619048,0.014584523809523808,0.18093809523809523
1967,1,0.5890909090909091,0.5871818181818181,0.045654545454545455,0.33954545454545454,0.040955454545454545,0.23354545454545453
1967,2,0.5611904761904762,0.6580952380952381,0.04663809523809524,0.4065714285714286,0.039056971428571424,0.23747142857142858
1967,3,0.5082666666666666,0.632,0.055023333333333334,0.40696666666666664,0.037918462666666666,0.2348633333333333
1967,4,0.501235294117647,0.6295882352941177,0.046370588235294115,0.34979607843137256,0.03638355490196078,0.26042745098039216
1967,5,0.5333,0.63098,0.043464,0.332596,0.030877100799999998,0.23383600000000002
1967,6,0.5495813953488372,0.621046511627907,0.043602325581395346,0.3753906976744186,0.03016113906976744,0.22110232558139536
1967,7,0.5126136363636363,0.5549090909090909,0.03990227272727273,0.47942045454545457,0.041367085,0.16838863636363638
1967,8,0.47747999999999996,0.52688,0.042212,0.496832,0.058242855999999996,0.21086400000000002
1967,9,0.5244615384615385,0.5116153846153846,0.032815384615384614,0.40935,0.00020492923076923075,0.2077192307692308
1967,10,0.5078947368421053,0.5,0.02976842105263158,0.483,0.0001690547368421053,0.20541578947368422
1967,11,0.49940000000000007,0.4286,0.02832,0.4889,6.033e-06,0.1663
1967,12,0.5266500000000001,0.51515,0.0313,0.28454999999999997,0.0034551165,0.143
1968,1,0.5123125000000001,0.5588124999999999,0.0322375,0.26175,0.0057530375,0.1314375
1968,2,0.54925,0.4971666666666667,0.030291666666666665,0.35233333333333333,0.0076731241666666665,0.12633333333333333
1968,3,0.5739375,0.5511874999999999,0.0448625,0.48512500000000003,0.0074050625,0.273625
1968,4,0.5675,0.59175,0.049999999999999996,0.5477500000000001,0.004529050000000001,0.32525000000000004
1968,5,0.5641538461538461,0.6258461538461538,0.04998461538461538,0.534976923076923,0.0032032615384615386,0.40792307692307694
1968,6,0.5839444444444444,0.6253333333333333,0.04341111111111111,0.23806,0.006433027777777778,0.47758333333333336
1968,7,0.5393333333333333,0.6196,0.05533999999999999,0.08026399999999999,0.12064770666666667,0.4110533333333333
1968,8,0.5346896551724138,0.5224137931034483,0.05025862068965517,0.28414999999999996,0.10066646827586206,0.2711241379310345
1968,9,0.5662857142857143,0.5168571428571428,0.048575,0.43886714285714284,0.07840238000000001,0.24732500000000002
1968,10,0.6055675675675676,0.5232972972972972,0.04250810810810811,0.34994486486486487,0.04559455243243244,0.16364864864864864
1968,11,0.6030263157894736,0.5209473684210526,0.04352894736842105,0.3244065789473684,0.0378204452631579,0.1410157894736842
1968,12,0.56925,0.46825,0.04485714285714286,0.3584096428571429,0.04269368142857143,0.15133214285714286
1969,1,0.538,0.5358928571428571,0.049025,0.3066857142857143,0.032113670000000004,0.19665714285714286
1969,2,0.569,0.5203333333333333,0.05109259259259259,0.3029822222222222,0.03722046518518519,0.17082962962962964
1969,3,0.5853,0.5740333333333333,0.05188333333333333,0.22443833333333332,0.040047054,0.17701666666666668
1969,4,0.5394193548387097,0.5391612903225806,0.05037096774193549,0.3190167741935484,0.03112090193548387,0.2602096774193548
1969,5,0.47061538461538466,0.47465384615384615,0.06147692307692308,0.41124076923076924,0.044448722307692305,0.27813461538461537
1969,6,0.4281875,0.48825,0.08271250000000001,0.454,0.033651125000000004,0.35895625
1969,7,0.6006,0.5254000000000001,0.07976,0.4328,0.02999706,0.26345999999999997
1969,8,0.6636111111111112,0.5673888888888889,0.07194444444444444,0.34855555555555556,0.004718138888888889,0.22952777777777778
1969,9,0.6123333333333333,0.4978571428571429,0.03211428571428571,0.2970952380952381,0.0024808209523809526,0.12512380952380953
1969,10,0.5475238095238095,0.49552380952380953,0.031733333333333336,0.28862857142857146,0.0001543780952380952,0.1390809523809524
1969,11,0.5537142857142857,0.48414285714285715,0.03090952380952381,0.2304904761904762,0.0015364285714285712,0.12977619047619046
1969,12,0.5200666666666667,0.47506666666666664,0.03678,0.14010666666666666,0.00010133333333333333,0.13492
1970,1,0.529875,0.42143749999999996,0.03764375,0.14970625,0.00012971875,0.16606875
1970,2,0.4322,0.51408,0.036587999999999996,0.18159200000000003,0.006944171999999999,0.171116
1970,3,0.40595238095238095,0.5236666666666666,0.035552380952380946,0.19482857142857143,0.01091987619047619,0.15661904761904763
1970,4,0.4772222222222222,0.5296111111111111,0.05041111111111111,0.23474444444444442,0.03804689666666667,0.1668277777777778
1970,5,0.6255833333333333,0.5176666666666666,0.07411666666666666,0.34113333333333334,0.07197616166666666,0.21614999999999998
1970,6,0.667923076923077,0.42600000000000005,0.03992307692307692,0.5563076923076923,0.0013134523076923077,0.17869230769230768
1970,7,0.6424210526315789,0.42610526315789476,0.04857894736842105,0.567,0.0010256778947368421,0.20494736842105263
1970,8,0.5809375,0.43553125,0.057525,0.54569625,0.000699559375,0.29344375
1970,9,0.560875,0.41025,0.053899999999999997,0.474345,0.0004090225,0.287675
1970,10,0.5549666666666667,0.43063333333333337,0.05472,0.4025266666666667,0.0004522966666666667,0.29503333333333337
1970,11,0.6054705882352941,0.4511764705882353,0.049623529411764705,0.1609435294117647,0.0006550870588235294,0.18062941176470587
1970,12,0.49333333333333335,0.40475,0.034075,0.3407833333333334,0.0004258,0.2444166666666667
1971,1,0.4653548387096774,0.4120645161290323,0.035077419354838706,0.39948387096774196,0.0002957451612903226,0.22543548387096773
1971,2,0.4378666666666667,0.4448,0.051840000000000004,0.43524,0.0027025200000000004,0.20722666666666667
1971,3,0.45135714285714285,0.49785714285714283,0.05167857142857143,0.4082785714285714,0.005616591785714285,0.16069642857142857
1971,4,0.5154137931034483,0.5707931034482759,0.05018275862068965,0.34198275862068966,0.005906026206896553,0.1324551724137931
1971,5,0.5521891891891892,0.5868648648648648,0.04300540540540541,0.31258108108108107,0.005931221891891892,0.15105405405405406
1971,6,0.5903333333333334,0.5739666666666667,0.049993333333333334,0.31933,0.005705566666666667,0.15541
1971,7,0.5866206896551724,0.583103448275862,0.0564896551724138,0.3265862068965517,0.008088578965517242,0.1810448275862069
1971,8,0.5992592592592593,0.5756666666666667,0.05525185185185185,0.3469777777777778,0.009131327407407406,0.17950370370370372
1971,9,0.5689642857142857,0.5523214285714285,0.045089285714285714,0.36350714285714286,0.0054406042857142855,0.14247142857142858
1971,10,0.5488333333333333,0.5676666666666667,0.03690416666666666,0.37175,0.000991565,0.11332500000000001
1971,11,0.5942222222222222,0.5585555555555556,0.03663333333333333,0.4220555555555555,2.8555555555555556e-07,0.10468888888888889
1971,12,0.6098947368421053,0.5615789473684211,0.03588947368421053,0.45273684210526316,2.757894736842105e-07,0.09831052631578947
1972,1,0.6634705882352941,0.4723882352941176,0.034194117647058826,0.5856470588235294,0.012529797058823528,0.11826470588235294
1972,2,0.6784545454545454,0.4190181818181818,0.03509545454545455,0.5417727272727273,0.038728904545454544,0.14439090909090907
1972,3,0.6613333333333333,0.4648933333333333,0.036353333333333335,0.46699999999999997,0.05680280666666667,0.14261333333333331
1972,4,0.5846363636363636,0.5312727272727273,0.038113636363636356,0.4275909090909091,0.048413885454545454,0.11618181818181818
1972,5,0.5765555555555556,0.5561666666666666,0.04561111111111111,0.328135,0.0008341066666666667,0.12765555555555555
1972,6,0.5872068965517241,0.5131724137931034,0.043493103448275866,0.3902496551724138,0.0006990858620689656,0.1943758620689655
1972,7,0.5290208333333334,0.5389375,0.04991458333333334,0.45018854166666666,0.0005556770833333333,0.19453125000000002
1972,8,0.5378888888888889,0.5084722222222222,0.04551111111111111,0.4750888888888889,0.0001266325,0.1997861111111111
1972,9,0.5597272727272727,0.5685636363636364,0.0463290909090909,0.3476345454545455,0.0003062672727272727,0.18311818181818182
1972,10,0.541952380952381,0.5734761904761905,0.04473333333333333,0.31439761904761904,0.00031981666666666664,0.16863095238095238
1972,11,0.5934,0.5788,0.03551333333333333,0.29708,0.00022897466666666665,0.16987333333333332
1972,12,0.5619047619047619,0.5521904761904762,0.034928571428571434,0.3807190476190476,0.0021047940476190477,0.14070476190476192
1973,1,0.5750277777777778,0.5477222222222222,0.03404722222222222,0.39017222222222225,0.0056599791666666665,0.13173333333333334
1973,2,0.5858666666666666,0.5564666666666667,0.03902666666666667,0.41007333333333335,0.0064967440000000005,0.10276333333333333
1973,3,0.5992439024390244,0.5879024390243902,0.04621707317073171,0.34920731707317076,0.004171056341463415,0.09735609756097562
1973,4,0.5928888888888889,0.52675,0.046266666666666664,0.5214111111111112,0.021322454722222224,0.1126888888888889
1973,5,0.6025135135135135,0.5553243243243243,0.052643243243243244,0.4976297297297298,0.0433814054054054,0.1133
1973,6,0.6178541666666667,0.6052083333333333,0.05078125,0.44865625,0.08716180791666667,0.11646666666666666
1973,7,0.596542857142857,0.6304571428571428,0.05585142857142857,0.48464571428571424,0.0958214817142857,0.12254285714285713
1973,8,0.6251621621621621,0.6362432432432432,0.05546486486486486,0.44516756756756753,0.06403360972972973,0.1497837837837838
1973,9,0.5985208333333333,0.5877083333333334,0.06451041666666667,0.44872291666666664,0.027408480625,0.22306666666666666
1973,10,0.5411333333333332,0.5168333333333334,0.044680000000000004,0.4698733333333333,0.005204303999999999,0.23311666666666667
1973,11,0.550611111111111,0.5121111111111111,0.054261111111111114,0.4880305555555555,0.00826644222222222,0.24362222222222224
1973,12,0.5329736842105263,0.4901578947368421,0.05932894736842106,0.5329736842105263,0.006486931578947368,0.23875
1974,1,0.5610740740740741,0.48507407407407405,0.06447407407407407,0.5881851851851851,0.007303223703703703,0.1986814814814815
1974,2,0.5518214285714286,0.47750000000000004,0.06327857142857143,0.5996428571428571,0.007041702142857142,0.2043857142857143
1974,3,0.515,0.41610714285714284,0.06577142857142858,0.5754071428571429,0.00308035,0.29166071428571433
1974,4,0.55776,0.41607999999999995,0.09280799999999999,0.63792,0.0014674272,0.34543599999999997
1974,5,0.5932173913043478,0.5308260869565217,0.08170869565217391,0.4461886956521739,0.00019678608695652175,0.2800956521739131
1974,6,0.618525,0.60025,0.0736425,0.4283475,0.0360310725,0.20801250000000002
1974,7,0.6309285714285714,0.5892142857142857,0.06497380952380952,0.4375564761904762,0.08691250761904762,0.19552142857142857
1974,8,0.5962641509433962,0.5981320754716981,0.044816981132075474,0.41016094339622644,0.10149117547169813,0.1366245283018868
1974,9,0.5816470588235294,0.5777941176470588,0.04115882352941176,0.44146229411764704,0.10849762764705882,0.1263235294117647
1974,10,0.5650000000000001,0.5343529411764706,0.03616176470588235,0.49711764705882355,0.04367150588235294,0.14764117647058825
1974,11,0.5145454545454545,0.527,0.03542272727272727,0.4687045454545455,0.013946301590909089,0.14175909090909092
1974,12,0.5134444444444444,0.5382222222222223,0.03602222222222222,0.39855555555555555,0.0037595211111111104,0.14565555555555554
1975,1,0.49781578947368427,0.5147894736842106,0.03871578947368421,0.443578947368421,0.003583816578947368,0.1574421052631579
1975,2,0.5130769230769231,0.44787179487179485,0.04277435897435898,0.5041282051282051,0.0013693189743589744,0.15455897435897437
1975,3,0.5391219512195122,0.42773170731707316,0.04578780487804878,0.5501463414634147,0.0009731424390243902,0.16345365853658536
1975,4,0.5245757575757576,0.40806060606060607,0.045803030303030304,0.4927878787878788,0.0038851236363636366,0.11776363636363636
1975,5,0.5514117647058824,0.45535294117647057,0.049205882352941176,0.45983529411764706,0.007113245294117647,0.11138529411764707
1975,6,0.5726,0.47831333333333337,0.04552333333333333,0.3785466666666667,0.0155214,0.14186666666666667
1975,7,0.52956,0.41855200000000004,0.039764,0.44144,0.016213112000000002,0.172232
1975,8,0.5487142857142857,0.46023214285714287,0.04113571428571428,0.47767857142857145,0.015557982142857142,0.22017857142857142
1975,9,0.6113333333333333,0.5744,0.04615333333333334,0.2901346666666667,0.01724092,0.17225333333333334
1975,10,0.529375,0.621,0.0473,0.2743775,0.0546973,0.168175
1975,11,0.5453225806451614,0.684,0.051596774193548384,0.3309192580645161,0.07084321612903226,0.21451935483870968
1975,12,0.6422368421052632,0.5947894736842105,0.05533157894736842,0.462042,0.04864777894736842,0.17180526315789474
1976,1,0.6393571428571428,0.5274464285714285,0.053457142857142856,0.5191561607142857,0.07464213392857143,0.1691482142857143
1976,2,0.6461034482758621,0.5928793103448275,0.04996206896551724,0.45616544827586203,0.058779062068965514,0.16758793103448277
1976,3,0.6277333333333334,0.5444888888888889,0.04829555555555555,0.5231555555555556,0.07640328444444444,0.15233555555555556
1976,4,0.5925666666666667,0.5154333333333334,0.043039999999999995,0.5034,0.11483696333333332,0.1705
1976,5,0.5969782608695653,0.5856739130434783,0.05556956521739131,0.40157608695652175,0.002870582608695652,0.18375000000000002
1976,6,0.5963684210526315,0.6376315789473684,0.04788947368421053,0.2816315789473684,0.0012359684210526316,0.17412631578947368
1976,7,0.570433962264151,0.5857735849056603,0.04918679245283019,0.26081132075471697,0.01679817924528302,0.20872075471698115
1976,8,0.548952380952381,0.5900714285714286,0.055119047619047616,0.21404047619047623,0.016637133333333335,0.21270000000000003
1976,9,0.5237380952380952,0.6193095238095238,0.05794047619047619,0.2126704761904762,0.016460657142857143,0.20981904761904763
1976,10,0.5331724137931034,0.6077586206896551,0.05195172413793103,0.24093275862068966,0.015982977586206898,0.1906051724137931
1976,11,0.5386666666666667,0.589875,0.05084166666666667,0.27084833333333336,0.00885895,0.1736375
1976,12,0.5396808510638298,0.5928510638297873,0.05419148936170213,0.3042708510638298,0.003850951063829787,0.19104468085106385
1977,1,0.5705423728813559,0.6089830508474576,0.04919830508474576,0.3118435593220339,0.03135804237288135,0.1973271186440678
1977,2,0.5709038461538462,0.5741923076923077,0.04269423076923077,0.34169692307692306,0.05104974423076924,0.22378461538461536
1977,3,0.5353571428571429,0.5707857142857142,0.04392857142857143,0.34343666666666667,0.005625766666666666,0.25275714285714285
1977,4,0.5410701754385965,0.5622982456140351,0.042856140350877196,0.3610166666666667,0.005178938596491228,0.24068421052631578
1977,5,0.5529285714285714,0.5327678571428571,0.0396375,0.3608846428571429,0.006397060178571429,0.15111785714285714
1977,6,0.5558571428571428,0.5759206349206349,0.037620634920634916,0.2594101587301587,0.008884166666666667,0.14764285714285716
1977,7,0.5629324324324325,0.609554054054054,0.040964864864864864,0.25033391891891893,0.014528660135135135,0.16360135135135137
1977,8,0.5738030303030304,0.6402575757575757,0.04267727272727273,0.21831515151515152,0.057983483181818174,0.16426212121212122
1977,9,0.5593037974683545,0.6095911392405063,0.04288354430379747,0.2636227848101266,0.048541043544303795,0.16175696202531645
1977,10,0.5637575757575757,0.5651969696969698,0.04206969696969697,0.3066949494949495,0.04656104828282828,0.13857878787878788
1977,11,0.5721309523809524,0.5143666666666666,0.04212142857142857,0.3790797619047619,0.04385171333333333,0.1256357142857143
1977,12,0.5607375,0.46798124999999996,0.0374675,0.38500562499999996,0.04679681125,0.12559499999999998
1978,1,0.5782549019607843,0.4702098039215686,0.036970588235294116,0.35873921568627454,0.014600149411764704,0.12102156862745099
1978,2,0.5790961538461539,0.4978269230769231,0.036203846153846156,0.3036346153846154,0.000875123076923077,0.12009423076923077
1978,3,0.598025,0.538075,0.03535,0.21469999999999997,0.00021598375,0.12139249999999999
1978,4,0.6083508771929825,0.5683684210526315,0.03390175438596491,0.1464877192982456,0.001350051754385965,0.1366842105263158
1978,5,0.6048863636363636,0.5785,0.04061590909090909,0.1525409090909091,0.002909837727272727,0.14084545454545455
1978,6,0.6067962962962964,0.6143814814814815,0.05067777777777778,0.20192222222222223,0.002983623518518519,0.2086388888888889
1978,7,0.598919540229885,0.6168793103448276,0.05275402298850575,0.22480114942528737,0.0032523224137931037,0.18579195402298854
1978,8,0.5930615384615384,0.6076338461538462,0.04885384615384615,0.2274676923076923,0.0037696687692307693,0.18864461538461538
1978,9,0.6083432835820896,0.6292910447761194,0.05076119402985075,0.23835671641791045,0.002760499402985075,0.1820955223880597
1978,10,0.595047619047619,0.5772904761904762,0.0503547619047619,0.3016957142857143,0.009346970476190477,0.12520238095238095
1978,11,0.62788,0.58756,0.048895999999999995,0.24881040000000001,0.008917782400000001,0.13150399999999998
1978,12,0.6310289855072463,0.5472173913043479,0.04563043478260869,0.263654347826087,0.013609121739130436,0.13569130434782609
1979,1,0.63525,0.54005,0.043991666666666665,0.25791533333333333,0.013583692000000001,0.13065166666666667
1979,2,0.6459444444444444,0.5576666666666666,0.047574074074074074,0.2011022222222222,0.013413220000000002,0.14013333333333333
1979,3,0.6797678571428571,0.6015535714285714,0.06634107142857143,0.07643571428571429,0.005125558928571429,0.13805535714285716
1979,4,0.6655142857142857,0.6552571428571429,0.07659142857142857,0.09546571428571428,0.005089065714285714,0.10662285714285714
1979,5,0.6884871794871794,0.6547948717948717,0.06554871794871794,0.1669076923076923,0.011632135897435898,0.0962948717948718
1979,6,0.6799607843137254,0.6707843137254902,0.04268039215686274,0.16740980392156865,0.011966249019607845,0.08174901960784314
1979,7,0.6768604651162791,0.6609999999999999,0.043876744186046514,0.1650320930232558,0.012489381395348838,0.08600232558139535
1979,8,0.7000930232558139,0.6815581395348836,0.04666046511627906,0.1757739534883721,0.01576202093023256,0.09576279069767442
1979,9,0.70028125,0.66834375,0.051459375,0.1233725,0.022393840625,0.096378125
1979,10,0.6428095238095238,0.7430952380952381,0.0495047619047619,0.12385714285714286,0.01016908761904762,0.12202857142857144
1979,11,0.67425,0.69375,0.05266071428571428,0.20580714285714286,0.012514649285714287,0.1546107142857143
1979,12,0.6916046511627907,0.6225348837209302,0.04919767441860465,0.26615581395348836,0.018072768604651162,0.16973023255813954
1980,1,0.6882903225806452,0.5911290322580645,0.042951612903225814,0.29849354838709674,0.01621236258064516,0.15996129032258063
1980,2,0.6549999999999999,0.6047948717948718,0.039753846153846153,0.28488128205128205,0.01205466564102564,0.13016410256410255
1980,3,0.5941428571428571,0.6564489795918367,0.0406734693877551,0.2488933673469388,0.006185494285714285,0.15158571428571427
1980,4,0.5008076923076923,0.6143076923076923,0.03967692307692308,0.28036076923076925,0.0009248384615384615,0.18309230769230772
1980,5,0.54165,0.5934250000000001,0.0419975,0.309881875,0.004438825,0.1678475
1980,6,0.5771714285714286,0.5736571428571429,0.04661714285714286,0.32759571428571427,0.003975184857142857,0.14350285714285713
1980,7,0.6168461538461539,0.5728717948717948,0.04753589743589744,0.3206651282051282,0.005958845128205129,0.13302051282051283
1980,8,0.65706,0.57424,0.051156,0.32430770000000003,0.005109169,0.13088
1980,9,0.6933777777777778,0.5560666666666667,0.05296,0.3007266666666667,0.012697250222222222,0.18398444444444442
1980,10,0.6547543859649122,0.5031754385964913,0.045628070175438594,0.32802456140350883,0.017075785263157894,0.19343157894736843
1980,11,0.6421511627906977,0.5127441860465116,0.04077325581395349,0.3260872093023256,0.015925226627906977,0.1930720930232558
1980,12,0.6083896103896105,0.5577142857142857,0.04034415584415584,0.3102337662337662,0.014275760259740259,0.20153506493506493
1981,1,0.5883488372093023,0.5563372093023256,0.04006279069767442,0.30287790697674416,0.01231756046511628,0.19439651162790697
1981,2,0.5673214285714285,0.5636785714285714,0.03913035714285714,0.2792,0.005577795714285715,0.19337500000000002
1981,3,0.5476041666666667,0.6020625000000001,0.03943125,0.27739166666666665,0.0040098325,0.18144375000000001
1981,4,0.6106444444444445,0.6285777777777778,0.04178222222222223,0.24688888888888888,0.0034086146666666667,0.17635111111111113
1981,5,0.6148088235294118,0.6270294117647058,0.04971323529411765,0.28124117647058827,0.0013652410294117646,0.17875147058823532
1981,6,0.6347547169811322,0.6233396226415094,0.04713207547169812,0.28207735849056603,0.0016821083018867923,0.1424566037735849
1981,7,0.618,0.6528571428571429,0.04285,0.27755238095238094,0.0018932292857142855,0.14984285714285714
1981,8,0.5676734693877551,0.6519183673469388,0.04206326530612245,0.2955357142857143,0.0020304318367346938,0.17579591836734693
1981,9,0.55978125,0.6264375,0.042615625,0.32585000000000003,9.396781250000001e-05,0.187690625
1981,10,0.5275897435897436,0.6291538461538462,0.046235897435897434,0.30677948717948716,2.6081538461538466e-05,0.1861871794871795
1981,11,0.4938809523809524,0.6746666666666666,0.04416428571428571,0.2665119047619048,9.65657142857143e-05,0.24268809523809523
1981,12,0.4828888888888889,0.6592222222222222,0.04045555555555555,0.26333333333333336,0.00013547222222222224,0.2386888888888889
1982,1,0.5048163265306123,0.639061224489796,0.040122448979591836,0.25801224489795915,0.01824191469387755,0.2417183673469388
1982,2,0.53505,0.649425,0.04313,0.22183000000000003,0.045093798000000004,0.2270475
1982,3,0.5784166666666667,0.6709166666666667,0.044408333333333334,0.19212083333333332,0.03806414,0.21476666666666666
1982,4,0.5913658536585366,0.6648292682926829,0.0460609756097561,0.20232439024390242,0.044467312682926835,0.20582439024390245
1982,5,0.5493170731707316,0.6414146341463415,0.04530731707317073,0.1887439024390244,0.0014650158536585363,0.22277073170731707
1982,6,0.5922000000000001,0.6590857142857143,0.04538285714285714,0.16086285714285714,0.0012136548571428571,0.2243257142857143
1982,7,0.6225322580645162,0.6887741935483871,0.0415,0.13102354838709676,0.025615940322580646,0.20337096774193547
1982,8,0.6353265306122449,0.6920204081632653,0.04170204081632653,0.13390816326530613,0.032106680000000005,0.20294081632653058
1982,9,0.6631904761904762,0.7010714285714286,0.042738095238095235,0.14700238095238097,0.03744415642857143,0.2082904761904762
1982,10,0.6940000000000001,0.6951276595744681,0.04186382978723404,0.1506912765957447,0.04093148829787234,0.20716382978723402
1982,11,0.7108947368421052,0.6331842105263158,0.03701578947368421,0.12030026315789474,0.04134809552631579,0.1412578947368421
1982,12,0.7221081081081081,0.6155405405405405,0.035886486486486485,0.10092675675675676,0.014793610810810813,0.12189189189189188
1983,1,0.7225,0.5885952380952381,0.036604761904761904,0.13217261904761907,0.00685781619047619,0.11503571428571428
1983,2,0.6902439024390244,0.6304146341463415,0.041265853658536585,0.14850975609756098,0.006513340487804878,0.13724390243902437
1983,3,0.6917692307692308,0.6628461538461539,0.04294102564102564,0.1549,0.005113915897435897,0.1444820512820513
1983,4,0.6459583333333333,0.7157708333333334,0.0436,0.15351145833333332,0.003141354166666667,0.14887708333333335
1983,5,0.6398163265306123,0.7294693877551021,0.05325714285714286,0.161465306122449,0.0027087414285714285,0.16288163265306124
1983,6,0.6514888888888889,0.7212000000000001,0.054131111111111116,0.1982488888888889,0.002946908444444444,0.16143555555555555
1983,7,0.60482,0.71384,0.058288,0.2116526,0.0013118258,0.16162600000000002
1983,8,0.6017777777777779,0.7276111111111111,0.07416666666666666,0.2045311111111111,0.003468203333333333,0.2071
1983,9,0.60155,0.73575,0.07415000000000001,0.19450465,0.044077492,0.21269
1983,10,0.6255857142857142,0.7428714285714285,0.06879428571428571,0.17050092857142857,0.04089728628571429,0.20034285714285716
1983,11,0.6309259259259259,0.7667222222222222,0.06473888888888889,0.1585917037037037,0.01064358148148148,0.2466925925925926
1983,12,0.6699411764705883,0.7776274509803921,0.05266274509803921,0.15147480392156865,0.0007830650980392156,0.26474901960784314
1984,1,0.6709268292682926,0.7780975609756098,0.052885365853658536,0.15257980487804879,0.0007942321951219512,0.2745853658536585
1984,2,0.6959761904761904,0.7672857142857142,0.048342857142857146,0.12402507142857143,0.000538957619047619,0.29283095238095236
1984,3,0.7050961538461539,0.7189807692307693,0.049140384615384614,0.11266365384615384,0.00045524269230769236,0.21991538461538462
1984,4,0.7028604651162791,0.6575813953488372,0.04797906976744186,0.156073488372093,0.0007227544186046512,0.21522558139534884
1984,5,0.7055660377358491,0.6521886792452831,0.04856226415094339,0.16803094339622643,0.0008032464150943396,0.16736603773584907
1984,6,0.6974929577464789,0.6588732394366197,0.04722253521126761,0.1614788732394366,0.00215354014084507,0.16419718309859155
1984,7,0.6925166666666667,0.65015,0.04615166666666667,0.16799099999999997,0.02067498466666667,0.1879
1984,8,0.69021875,0.69925,0.044846875,0.15557375,0.036053710625,0.188146875
1984,9,0.7016233766233766,0.7422077922077922,0.04582337662337662,0.13603506493506495,0.010942368831168833,0.19854285714285716
1984,10,0.6734375,0.7571041666666667,0.047420833333333336,0.12619708333333332,0.005447030208333333,0.209125
1984,11,0.668245283018868,0.7319622641509435,0.0466811320754717,0.170517358490566,0.00578113962264151,0.19041509433962264
1984,12,0.6694716981132075,0.7286981132075472,0.04316415094339623,0.2092466037735849,0.0045836264150943395,0.17524528301886794
1985,1,0.6536585365853659,0.7148536585365854,0.04296829268292683,0.22846829268292684,0.003164491707317073,0.15460000000000002
1985,2,0.650575,0.712025,0.044175,0.23051249999999998,0.0034252137500000003,0.138775
1985,3,0.6308837209302326,0.6804186046511628,0.040095348837209305,0.25187906976744184,0.0022324848837209305,0.12015116279069768
1985,4,0.6246666666666667,0.6826296296296297,0.040603703703703704,0.26122222222222224,0.001578514074074074,0.10481481481481482
1985,5,0.6549,0.7032,0.040895,0.20194,0.001173084,0.10971
1985,6,0.6739166666666666,0.8040833333333333,0.04792083333333333,0.21045833333333333,0.00169819875,0.13741666666666666
1985,7,0.674551724137931,0.8138275862068965,0.05615517241379311,0.20576206896551721,0.0025391672413793104,0.1324
1985,8,0.655151515151515,0.8246060606060606,0.054266666666666664,0.12126363636363635,0.005621810606060606,0.13990303030303028
1985,9,0.6483448275862069,0.8047586206896552,0.048031034482758625,0.08234137931034483,0.006776820689655173,0.11158620689655172
1985,10,0.6557200000000001,0.78408,0.049764,0.089008,0.0078612824,0.10736000000000001
1985,11,0.622804347826087,0.8383478260869566,0.051119565217391305,0.12753913043478263,0.00545395,0.16578695652173914
1985,12,0.6428695652173912,0.7872173913043479,0.04885217391304347,0.18128695652173912,0.0006624834782608696,0.23701739130434782
1986,1,0.6340000000000001,0.761,0.04939038461538462,0.1931923076923077,0.0008386240384615385,0.2317923076923077
1986,2,0.6313859649122806,0.7320877192982456,0.054314035087719294,0.22790701754385967,0.0013439052631578946,0.22177368421052632
1986,3,0.6420131578947368,0.6902763157894737,0.058125,0.2345092105263158,0.0017626915789473682,0.1960105263157895
1986,4,0.6466351351351352,0.632108108108108,0.050452702702702704,0.24551756756756754,0.03187694783783784,0.17777702702702702
1986,5,0.6290113636363637,0.6275340909090908,0.05210113636363636,0.2587340909090909,0.03447665681818182,0.126325
1986,6,0.623457627118644,0.6122203389830508,0.04380508474576271,0.2655813559322034,0.05086023406779661,0.11148474576271188
1986,7,0.6406065573770492,0.6319016393442622,0.039695081967213115,0.28724590163934427,0.0782603586885246,0.1317688524590164
1986,8,0.6777457627118645,0.6636271186440679,0.03702372881355932,0.27730169491525425,0.07161245135593221,0.16580508474576272
1986,9,0.6812272727272727,0.7420454545454546,0.04043409090909091,0.18240568181818181,0.05609014136363635,0.20381818181818182
1986,10,0.6994074074074074,0.772074074074074,0.0446037037037037,0.14325925925925928,0.04631708592592593,0.18074814814814816
1986,11,0.670625,0.717609375,0.0418015625,0.11732109375000001,0.010449789374999999,0.16190625
1986,12,0.6576500000000001,0.7735000000000001,0.0442375,0.1117475,0.0009111575000000001,0.1598725
1987,1,0.6308125,0.793875,0.046435416666666667,0.10356354166666666,0.0016497995833333334,0.14408541666666666
1987,2,0.6149772727272728,0.75275,0.042281818181818184,0.07902272727272727,0.005259435227272727,0.13488863636363638
1987,3,0.6016744186046512,0.7198372093023255,0.035897674418604655,0.08220474418604651,0.022044533023255816,0.10734418604651164
1987,4,0.5791428571428572,0.7236734693877551,0.03746122448979592,0.08851853061224489,0.035113502448979594,0.11985510204081631
1987,5,0.5563230769230769,0.7371076923076922,0.03906307692307692,0.1227016923076923,0.03236381769230769,0.09781692307692308
1987,6,0.55728,0.733,0.038472,0.12797016,0.0316586424,0.095418
1987,7,0.5381219512195121,0.7237560975609756,0.03970731707317073,0.15824404878048778,0.03180111512195122,0.11091463414634146
1987,8,0.5581212121212121,0.745969696969697,0.04108181818181818,0.1745,0.009017174545454545,0.1013030303030303
1987,9,0.6080625,0.75184375,0.04118125,0.140891875,0.022296196875,0.10208125
1987,10,0.6367441860465116,0.7422093023255814,0.04185116279069767,0.12788372093023256,0.06368123162790697,0.10528837209302326
1987,11,0.6915714285714286,0.7317142857142857,0.045157142857142854,0.1199457142857143,0.12782070285714284,0.10202857142857144
1987,12,0.682962962962963,0.7482222222222222,0.04141851851851852,0.15305703703703705,0.12360422518518518,0.10516666666666667
1988,1,0.6320606060606061,0.7191515151515151,0.04082424242424242,0.16033636363636364,0.09888933515151514,0.12763636363636363
1988,2,0.6088947368421053,0.7000000000000001,0.041681578947368424,0.16869323684210527,0.10482264921052631,0.13671052631578948
1988,3,0.6030285714285714,0.6510285714285715,0.04308857142857143,0.21756468571428572,0.12103094857142856,0.13778857142857145
1988,4,0.61325,0.6341875,0.03841666666666667,0.2564776041666667,0.12083567166666666,0.16013125
1988,5,0.6337777777777778,0.6849777777777778,0.03415777777777778,0.22345164444444446,0.14124707511111112,0.1851022222222222
1988,6,0.643969696969697,0.7170606060606061,0.030557575757575756,0.2127818484848485,0.10224561575757575,0.17178484848484848
1988,7,0.63268,0.7333200000000001,0.032886,0.22164560000000003,0.052566705799999995,0.13835
1988,8,0.630725,0.659075,0.036075,0.18684225000000002,0.010651852,0.11855249999999999
1988,9,0.6391219512195122,0.6741219512195121,0.03679512195121951,0.1412029268292683,0.00018561,0.11318780487804878
1988,10,0.633313725490196,0.7303137254901961,0.03871764705882353,0.11529901960784314,0.0005316239215686275,0.09733725490196078
1988,11,0.6390256410256411,0.663,0.03852051282051282,0.10100051282051282,0.0007940564102564102,0.1070025641025641
1988,12,0.6840999999999999,0.6570999999999999,0.05391,0.08710369999999999,0.0007744900000000001,0.10615999999999999
1989,1,0.6777948717948719,0.6158974358974358,0.05362307692307692,0.1796171282051282,0.00046883384615384614,0.11056410256410257
1989,2,0.6789696969696969,0.6154242424242424,0.05497272727272728,0.289161303030303,3.769121212121212e-05,0.09014242424242425
1989,3,0.6860888888888889,0.6539111111111111,0.05717333333333333,0.23168008888888889,0.00564223111111111,0.1587977777777778
1989,4,0.6901304347826087,0.6310289855072464,0.054523188405797104,0.21451789855072464,0.005018206231884058,0.17195652173913042
1989,5,0.6926129032258065,0.6742903225806451,0.050196774193548385,0.18714608064516128,0.0011270274193548387,0.18138064516129032
1989,6,0.7143777777777778,0.7098666666666666,0.04761777777777779,0.12772777777777777,0.0014372528888888891,0.14600222222222223
1989,7,0.6826595744680851,0.6491914893617021,0.04521276595744681,0.1561723404255319,0.0017373902127659575,0.1771404255319149
1989,8,0.66925,0.634375,0.046790625,0.1991175,0.001584005,0.18440625
1989,9,0.6578139534883721,0.7183720930232558,0.04136046511627907,0.2208560465116279,0.001607720930232558,0.17123255813953486
1989,10,0.6254772727272727,0.73325,0.03965,0.21369409090909092,0.0008347,0.16225454545454546
1989,11,0.6004893617021276,0.6714893617021276,0.0369,0.21846731914893616,0.0007368170212765957,0.1534723404255319
1989,12,0.6064285714285714,0.6892857142857143,0.037759183673469386,0.16663489795918368,0.00020221591836734693,0.16835714285714284
1990,1,0.6327391304347826,0.6668260869565217,0.03744782608695652,0.1810584347826087,7.34e-05,0.15396521739130434
1990,2,0.641531914893617,0.6708085106382978,0.0377595744680851,0.18077421276595743,0.00011404595744680852,0.1702851063829787
1990,3,0.627576923076923,0.6602115384615386,0.03568653846153846,0.18583326923076923,0.00012241730769230769,0.17451346153846153
1990,4,0.6934375,0.6766875,0.038134375,0.160899375,0.00488764375,0.15746875
1990,5,0.6705714285714286,0.6901071428571429,0.04650357142857143,0.11721285714285715,0.0056579092857142865,0.21306785714285711
1990,6,0.5659722222222222,0.6858333333333334,0.05723888888888889,0.15713333333333332,0.006393644444444444,0.21773055555555554
1990,7,0.56525,0.747125,0.09140000000000001,0.1579725,0.0096784725,0.1940125
1990,8,0.5528125,0.70275,0.08371875000000001,0.14463,0.0078412225,0.162225
1990,9,0.5905438596491228,0.754719298245614,0.06756315789473684,0.12140315789473684,0.007867890175438597,0.16798947368421052
1990,10,0.5663333333333334,0.7035087719298246,0.05744210526315789,0.22307578947368423,0.006863550526315789,0.17115438596491228
1990,11,0.5943541666666666,0.7479375,0.060425,0.23934333333333335,0.006285525833333333,0.19288541666666667
1990,12,0.6351969696969697,0.6589393939393939,0.059107575757575755,0.3103226060606061,0.004347332121212121,0.2083151515151515
1991,1,0.6398163265306123,0.6066530612244898,0.060630612244897956,0.3474328979591837,0.03226640816326531,0.19396734693877551
1991,2,0.6074583333333333,0.5782083333333333,0.05377083333333333,0.3830669166666667,0.017644607708333333,0.18204583333333335
1991,3,0.6342857142857143,0.5473673469387754,0.0468,0.34207836734693875,0.002741288367346939,0.15263061224489796
1991,4,0.6515897435897435,0.6397948717948717,0.03334871794871795,0.2591747948717949,0.007093675897435898,0.1080974358974359
1991,5,0.6545365853658536,0.647219512195122,0.034778048780487805,0.26890624390243906,0.007103740487804879,0.1099609756097561
1991,6,0.6651372549019607,0.6917450980392156,0.03740392156862745,0.2504312745098039,0.007189948235294118,0.14163725490196077
1991,7,0.6592820512820513,0.7164871794871795,0.03888205128205128,0.2707834871794872,0.008331596666666666,0.17003846153846153
1991,8,0.6736170212765957,0.7164468085106384,0.04340212765957446,0.2719679787234043,0.008668187234042554,0.17383191489361702
1991,9,0.7013,0.7381,0.05247,0.19703893333333333,0.005757531666666667,0.1686933333333333
1991,10,0.72128,0.7184,0.057108,0.142496,0.019192952,0.148456
1991,11,0.7373636363636363,0.6216969696969697,0.0534939393939394,0.14355909090909091,0.03192693181818182,0.1829090909090909
1991,12,0.7332857142857143,0.6365,0.05416428571428571,0.1541185714285714,0.034933064285714285,0.19437142857142858
1992,1,0.7254166666666667,0.6798333333333333,0.048383333333333334,0.1609708333333333,0.047911075,0.20940833333333334
1992,2,0.7053636363636364,0.6047878787878789,0.04215454545454545,0.27630454545454547,0.031094159090909096,0.2291848484848485
1992,3,0.7094444444444444,0.5845555555555555,0.03937037037037037,0.2851837037037037,0.0010402148148148148,0.1671851851851852
1992,4,0.701375,0.67465625,0.04045,0.182683125,0.0008913906249999999,0.16615625
1992,5,0.6927021276595745,0.7105744680851064,0.0417936170212766,0.15217744680851064,0.0007644144680851063,0.20718297872340427
1992,6,0.6061428571428571,0.7192000000000001,0.03608571428571428,0.14565771428571428,0.0014969782857142855,0.2062142857142857
1992,7,0.5877297297297297,0.7638918918918919,0.04033513513513513,0.11590810810810813,0.00352724972972973,0.2226108108108108
1992,8,0.612275,0.80765,0.042469999999999994,0.0658555,0.0115246225,0.2144625
1992,9,0.648,0.7517096774193549,0.04416451612903226,0.04908258064516129,0.003165752903225806,0.19890967741935484
1992,10,0.6617777777777777,0.7499814814814815,0.061907407407407404,0.05528511111111111,0.03306994074074074,0.18943518518518518
1992,11,0.6096666666666667,0.6586060606060605,0.06095454545454545,0.14503478787878787,0.06298800666666667,0.1810878787878788
1992,12,0.5947142857142858,0.6206571428571428,0.05941428571428571,0.20460137142857143,0.05936639657142857,0.16836571428571429
1993,1,0.5568039215686275,0.6281764705882352,0.0692156862745098,0.19959372549019608,0.05098654901960784,0.19330392156862744
1993,2,0.5284634146341464,0.6380243902439025,0.0732609756097561,0.20495278048780488,0.02742738731707317,0.18824878048780488
1993,3,0.6034571428571428,0.6045142857142858,0.08546857142857144,0.25154000000000004,0.0024151794285714287,0.18107428571428572
1993,4,0.5847619047619048,0.6257619047619047,0.08318095238095238,0.22952476190476193,0.0010216852380952382,0.20100952380952383
1993,5,0.5925714285714285,0.6938928571428571,0.07573392857142858,0.1589725,0.04208044625,0.2025232142857143
1993,6,0.6262244897959184,0.704265306122449,0.07297755102040816,0.1409130612244898,0.03848069795918367,0.1941204081632653
1993,7,0.5926060606060606,0.6951212121212121,0.060022727272727276,0.13772836363636362,0.039942081212121214,0.18398030303030302
1993,8,0.6124464285714285,0.7230357142857143,0.0656732142857143,0.16595721428571428,0.037720593571428575,0.18800714285714284
1993,9,0.6228888888888889,0.6984074074074074,0.06264444444444445,0.1996348888888889,0.03912065629629629,0.18897037037037037
1993,10,0.6468550724637682,0.6795072463768116,0.06943188405797102,0.20498884057971015,0.010165776811594201,0.18848695652173914
1993,11,0.6661224489795918,0.6911020408163264,0.07535918367346939,0.21980457142857143,0.00015266204081632652,0.19911428571428572
1993,12,0.6644,0.6826,0.07442888888888889,0.19492639999999997,0.00016650533333333335,0.18821333333333332
1994,1,0.6797586206896552,0.6793793103448277,0.06779827586206896,0.1746198275862069,0.006175057758620689,0.1557655172413793
1994,2,0.6722820512820513,0.6797179487179488,0.05249487179487179,0.1488974358974359,0.0072075384615384605,0.11646153846153846
1994,3,0.6511,0.6654,0.05229,0.142375,0.007027349999999999,0.12655
1994,4,0.6113333333333333,0.6644102564102564,0.03608717948717949,0.15769871794871795,0.009009,0.13207692307692306
1994,5,0.6961379310344827,0.676103448275862,0.04213793103448276,0.11688586206896551,0.06856304137931034,0.1070551724137931
1994,6,0.662076923076923,0.7414615384615384,0.04589230769230769,0.0694723076923077,0.07647753846153846,0.10716153846153846
1994,7,0.6681481481481482,0.7671481481481481,0.049711111111111116,0.050948148148148145,0.09205382962962963,0.11410370370370371
1994,8,0.6309230769230769,0.7296538461538462,0.0464076923076923,0.07654153846153845,0.07510964115384615,0.11243846153846154
1994,9,0.5994838709677419,0.7183870967741935,0.0439,0.1589574193548387,0.059560811612903226,0.09515483870967742
1994,10,0.618127659574468,0.6663829787234042,0.038980851063829786,0.17962893617021278,0.04462664106382979,0.1868255319148936
1994,11,0.6529772727272728,0.6435227272727273,0.041986363636363634,0.1761171818181818,0.08599443431818182,0.15384545454545454
1994,12,0.6609692307692308,0.6155846153846154,0.03999384615384616,0.18683384615384616,0.06324531769230769,0.15363692307692306
1995,1,0.6685490196078432,0.6150196078431373,0.04001764705882353,0.18004956862745097,0.058414833725490195,0.1545921568627451
1995,2,0.6980204081632654,0.6242040816326531,0.04111632653061224,0.14416179591836734,0.060799112653061226,0.16077959183673468
1995,3,0.6972115384615385,0.6395961538461539,0.04322115384615385,0.14605751923076923,0.057602770576923076,0.17750576923076922
1995,4,0.7069508196721311,0.6650327868852459,0.045598360655737705,0.1552279508196721,0.06149141475409836,0.1521049180327869
1995,5,0.6931395348837209,0.6715813953488372,0.0453046511627907,0.14048344186046513,0.03543564,0.12513953488372093
1995,6,0.6697073170731708,0.6863658536585365,0.04257317073170732,0.18742399999999998,0.006513860243902439,0.1516390243902439
1995,7,0.6381071428571429,0.7007321428571428,0.03968214285714285,0.2312015,0.07739803660714285,0.18533035714285714
1995,8,0.6524,0.6952499999999999,0.03887,0.217224,0.056461344000000004,0.1978
1995,9,0.6443518518518518,0.6674074074074073,0.03646296296296297,0.2698159259259259,0.052263957407407406,0.17911296296296297
1995,10,0.6399803921568628,0.658078431372549,0.03538039215686275,0.2886807843137255,0.06764397960784313,0.17963529411764706
1995,11,0.6343269230769231,0.6864807692307693,0.03485192307692308,0.29985326923076927,0.07618533269230769,0.21074615384615386
1995,12,0.615082191780822,0.6776712328767123,0.034289041095890406,0.3123417808219178,0.09189173260273972,0.21266849315068492
1996,1,0.610448275862069,0.6798620689655173,0.034641379310344826,0.3055744827586207,0.0925231951724138,0.21502413793103448
1996,2,0.6138032786885246,0.6938196721311476,0.04139344262295082,0.2767036065573771,0.08797656524590164,0.2130344262295082
1996,3,0.6273650793650793,0.6779047619047619,0.04531587301587301,0.23663571428571428,0.05616304523809523,0.21969047619047616
1996,4,0.6231555555555556,0.611,0.046573333333333335,0.2709182222222222,0.00010016977777777778,0.23738222222222222
1996,5,0.6453255813953488,0.595953488372093,0.04777906976744186,0.27759697674418604,0.05784426372093023,0.23536511627906975
1996,6,0.6816666666666666,0.6464666666666667,0.05528888888888889,0.26970222222222223,0.09274931666666665,0.26773555555555556
1996,7,0.6833513513513513,0.6651891891891891,0.049745945945945946,0.2772681081081081,0.10309663891891892,0.26607027027027025
1996,8,0.6683953488372093,0.6516744186046511,0.055162790697674415,0.29223372093023253,0.125579538372093,0.1803139534883721
1996,9,0.6275454545454545,0.6378484848484849,0.046845454545454544,0.2836833333333333,0.11507309454545454,0.15884545454545454
1996,10,0.6365999999999999,0.6341333333333333,0.04374,0.3126466666666667,0.029825604,0.16833333333333333
1996,11,0.6638214285714286,0.6853214285714285,0.044514285714285715,0.2677857142857143,0.02110570107142857,0.1941785714285714
1996,12,0.6688,0.7172,0.04636,0.23556,0.023638379999999997,0.19899999999999998
1997,1,0.6415384615384615,0.7458461538461538,0.03550769230769231,0.15684615384615383,0.03636440615384615,0.15984615384615383
1997,2,0.6600588235294118,0.7520588235294118,0.03425294117647059,0.14140588235294116,0.02780870470588235,0.1572941176470588
1997,3,0.6799062499999999,0.72828125,0.05571875,0.10363281249999999,0.039838634375,0.15553125
1997,4,0.721,0.70392,0.075384,0.10268959999999999,0.10944971120000002,0.169772
1997,5,0.716086956521739,0.7462391304347825,0.06985,0.0730195652173913,0.07761016478260871,0.13606304347826087
1997,6,0.717,0.7196363636363636,0.06803636363636363,0.09531090909090909,0.06548570454545455,0.13072727272727272
1997,7,0.6984222222222222,0.7194222222222223,0.06621555555555556,0.08057688888888889,0.06388228088888889,0.11363333333333334
1997,8,0.6659615384615385,0.7264999999999999,0.049534615384615385,0.10061057692307693,0.02756239903846154,0.10985576923076924
1997,9,0.6447659574468084,0.7338723404255318,0.052497872340425536,0.10902893617021277,0.0011112195744680852,0.12906808510638298
1997,10,0.6284390243902439,0.7261219512195122,0.05439512195121951,0.1180078048780488,0.000824780487804878,0.1427268292682927
1997,11,0.6143,0.76658,0.052484,0.094886,0.003686448,0.16642600000000002
1997,12,0.5845199999999999,0.75908,0.04713199999999999,0.1385912,0.006789179999999999,0.214704
1998,1,0.5692812500000001,0.771875,0.047690625,0.1234465,0.0128166453125,0.208975
1998,2,0.5406666666666667,0.7811,0.05283,0.09913186666666667,0.018301218,0.20907333333333333
1998,3,0.5561666666666667,0.794,0.05941944444444444,0.11516266666666668,0.01401111,0.21534444444444445
1998,4,0.5596,0.7885500000000001,0.054705000000000004,0.1337364,0.010330499,0.22330999999999998
1998,5,0.5943720930232558,0.7813953488372093,0.05559302325581395,0.16232762790697675,0.005276394186046513,0.264993023255814
1998,6,0.6147058823529411,0.7841764705882353,0.0541764705882353,0.22923529411764706,0.0007789576470588236,0.27853529411764705
1998,7,0.6397714285714285,0.7922,0.04968,0.19833257142857144,0.04023155885714286,0.1930142857142857
1998,8,0.6820212765957446,0.7422765957446809,0.04942765957446809,0.18711702127659577,0.054002036170212764,0.15740425531914892
1998,9,0.6612,0.731425,0.0501175,0.174682,0.051735114000000006,0.15211
1998,10,0.6326551724137931,0.7056206896551724,0.0648896551724138,0.17929655172413794,0.05494398517241379,0.17805
1998,11,0.6339777777777778,0.6869555555555555,0.07032444444444444,0.17564933333333335,0.049103600000000004,0.20748222222222223
1998,12,0.6042777777777778,0.6921666666666666,0.03617777777777778,0.15422904444444444,0.005785200000000001,0.23841111111111113
1999,1,0.6283181818181819,0.67825,0.03948409090909091,0.15961265909090908,0.00591359090909091,0.21907954545454544
1999,2,0.6127777777777778,0.7125555555555556,0.04287777777777778,0.1293623777777778,8.138888888888889e-05,0.17509999999999998
1999,3,0.6459999999999999,0.7381176470588235,0.04741470588235294,0.07997822352941177,0.004367694117647058,0.16223529411764706
1999,4,0.6233333333333334,0.7563333333333334,0.041925000000000004,0.06318282222222221,0.016217544444444443,0.16189722222222222
1999,5,0.625719298245614,0.7580526315789474,0.042375438596491226,0.07501450877192983,0.012794549122807017,0.15901578947368422
1999,6,0.6193666666666666,0.72985,0.04118666666666667,0.10906007999999999,0.007463558333333332,0.175475
1999,7,0.6220114942528736,0.7415632183908046,0.05000114942528736,0.12937241379310344,0.0052936350574712635,0.15400114942528734
1999,8,0.6012602739726027,0.7453698630136986,0.06891095890410959,0.13809506849315067,0.005073054794520548,0.15034794520547945
1999,9,0.6227432432432433,0.7624054054054054,0.07267162162162162,0.16959027027027027,0.004968376351351351,0.17418108108108107
1999,10,0.6314038461538461,0.7891826923076923,0.06967788461538461,0.15306911153846153,0.005807064423076922,0.1802548076923077
1999,11,0.635962962962963,0.8205679012345678,0.07110864197530864,0.12472181234567901,0.00681574074074074,0.17639012345679014
1999,12,0.63844,0.8206800000000001,0.07245733333333333,0.11001169066666668,0.007592413333333333,0.18325333333333332
2000,1,0.6512790697674419,0.7817441860465116,0.06751976744186047,0.1345627441860465,0.008151184418604651,0.19665697674418606
2000,2,0.65815625,0.7711718750000001,0.043909375,0.1681762,0.004743319375,0.16415156250000001
2000,3,0.6600545454545454,0.7562909090909091,0.04249272727272727,0.19833271272727274,0.0008245661818181819,0.17092363636363636
2000,4,0.6742816901408452,0.7496760563380283,0.04644647887323943,0.18309507042253523,0.0015114950704225355,0.17344788732394367
2000,5,0.6746610169491526,0.748457627118644,0.04815084745762712,0.1762713559322034,0.001530102372881356,0.18618813559322034
2000,6,0.6579811320754716,0.7542830188679246,0.05051698113207547,0.14851188679245284,0.0005728701886792453,0.19699622641509432
2000,7,0.6646351351351352,0.785527027027027,0.051497297297297295,0.10421716216216216,0.000553402027027027,0.2265162162162162
2000,8,0.6875,0.7850909090909092,0.046372727272727274,0.08875318181818181,0.004916275757575758,0.21671363636363639
2000,9,0.6974750000000001,0.7913625,0.046310000000000004,0.07748125,0.029034521875000004,0.21363125
2000,10,0.68734375,0.79496875,0.04523125,0.10081625,0.0065921946875,0.193240625
2000,11,0.6840735294117648,0.8005882352941176,0.05535441176470588,0.10571676470588236,0.0061035958823529406,0.1557073529411765
2000,12,0.6709512195121952,0.7845853658536586,0.05887560975609756,0.1297370731707317,0.005919435487804878,0.1612939024390244
2001,1,0.6706031746031745,0.7916984126984128,0.06105873015873016,0.12354809523809523,0.004683552857142856,0.16514444444444443
2001,2,0.6513559322033898,0.7993220338983051,0.06847288135593221,0.10805830508474577,0.00030641084745762715,0.1797949152542373
2001,3,0.6344430379746836,0.7794936708860759,0.08181265822784811,0.10811911392405062,0.0001174993670886076,0.20655696202531648
2001,4,0.6322413793103449,0.7496896551724138,0.0924051724137931,0.11388413793103448,0.0002134165517241379,0.20915
2001,5,0.6177857142857143,0.7297142857142856,0.08629285714285714,0.13347214285714287,0.00033535357142857144,0.20523571428571427
2001,6,0.6418823529411766,0.7066470588235294,0.09296323529411765,0.1756710294117647,0.0009392736764705881,0.1980544117647059
2001,7,0.6541923076923077,0.6973269230769231,0.09926538461538462,0.2034655769230769,0.038941076153846156,0.20352115384615385
2001,8,0.6884897959183673,0.6808163265306122,0.0756,0.2141722448979592,0.08144107285714286,0.15579795918367348
2001,9,0.6660769230769231,0.6649230769230768,0.0755897435897436,0.16558397435897435,0.05122153346153846,0.14378846153846153
2001,10,0.6797377049180328,0.6482950819672131,0.07435573770491803,0.15902655737704918,0.0007178777049180327,0.14442131147540982
2001,11,0.665125,0.67346875,0.0621078125,0.1514696875,0.000685195625,0.14610625
2001,12,0.6606455696202532,0.6881645569620254,0.05824050632911392,0.1569613924050633,0.000332729746835443,0.13424556962025316
2002,1,0.647920634920635,0.6853015873015873,0.05670000000000001,0.14504603174603176,0.010923309841269843,0.12583492063492063
2002,2,0.6225081967213114,0.6935573770491804,0.0498655737704918,0.12353016393442623,0.044856849836065575,0.15971803278688526
2002,3,0.6135119047619048,0.7107023809523809,0.04801428571428571,0.1316252380952381,0.04083850952380953,0.14980357142857142
2002,4,0.6135522388059702,0.7070597014925373,0.04847164179104478,0.13075940298507463,0.040959905074626865,0.14501044776119404
2002,5,0.6087962962962963,0.7366851851851851,0.056914814814814814,0.12526444444444446,0.05081800962962963,0.16015740740740741
2002,6,0.5778219178082191,0.7466164383561644,0.04572191780821918,0.09634931506849315,0.019965492328767126,0.15286712328767124
2002,7,0.5774761904761905,0.7573333333333333,0.04658095238095238,0.09068457777777778,0.0038886660317460314,0.1326111111111111
2002,8,0.5824461538461538,0.7642769230769231,0.04709384615384615,0.060921315384615385,0.004736468461538461,0.13826923076923078
2002,9,0.6223703703703704,0.789,0.053344444444444444,0.06438577962962963,0.004375596666666666,0.14571111111111112
2002,10,0.6314193548387096,0.7883870967741936,0.06970645161290322,0.057607419354838714,0.0022750806451612903,0.1669967741935484
2002,11,0.6246714285714285,0.7902714285714286,0.06231285714285715,0.04808086857142857,0.0040142549999999996,0.18614857142857144
2002,12,0.6272692307692308,0.783076923076923,0.06975192307692307,0.05698695384615385,0.004586873076923076,0.19215
2003,1,0.6302222222222221,0.7803703703703704,0.0908925925925926,0.0746165111111111,0.005415934074074074,0.17883148148148148
2003,2,0.6384897959183674,0.7658775510204081,0.09860408163265307,0.17185836734693874,0.006509451428571429,0.15985714285714286
2003,3,0.6095901639344262,0.7634426229508197,0.09139016393442623,0.17423647213114754,0.006425169016393443,0.15017868852459015
2003,4,0.6014827586206897,0.7599827586206896,0.09368620689655172,0.18882715172413794,0.005410251724137931,0.17652758620689654
2003,5,0.6054078947368421,0.7618815789473684,0.11405789473684211,0.1739782697368421,0.0032546559210526313,0.1847671052631579
2003,6,0.6135084745762712,0.7615593220338983,0.14405084745762714,0.1688787254237288,0.0008485593220338983,0.17813220338983052
2003,7,0.6275102040816327,0.7628367346938775,0.16377959183673468,0.14495308367346937,8.280591836734695e-05,0.184165306122449
2003,8,0.6453191489361702,0.7074468085106383,0.13320851063829786,0.18023829787234041,8.95904255319149e-05,0.1776531914893617
2003,9,0.6274444444444445,0.7316111111111111,0.11366666666666665,0.14661666666666667,4.677777777777778e-05,0.14373333333333335
2003,10,0.6551555555555555,0.7544444444444445,0.0939422222222222,0.13165444444444446,0.003077422222222222,0.15565333333333334
2003,11,0.643140625,0.7645625,0.0775984375,0.10620234375,0.00279716484375,0.2027875
2003,12,0.6608043478260869,0.801804347826087,0.06907173913043478,0.08507521739130434,0.0031384434782608696,0.2107217391304348
2004,1,0.6500925925925926,0.8069814814814814,0.0573,0.05787685185185185,0.0038317685185185186,0.21132222222222222
2004,2,0.649,0.7898,0.05706666666666667,0.08315878222222223,0.014300584444444445,0.23507555555555557
2004,3,0.6163720930232558,0.776813953488372,0.05653953488372093,0.09904663255813953,0.007887162790697675,0.23412558139534886
2004,4,0.5940909090909091,0.7496363636363637,0.05505454545454546,0.11786602727272727,0.003935181818181818,0.2491818181818182
2004,5,0.6010153846153846,0.7243076923076923,0.08307538461538462,0.16846576,0.0032792507692307694,0.2231246153846154
2004,6,0.5641190476190476,0.6422619047619048,0.08531904761904763,0.2967207095238095,0.0020032857142857144,0.18037857142857142
2004,7,0.5426046511627907,0.6504186046511627,0.09084651162790698,0.2922591046511628,9.089302325581394e-05,0.14848372093023257
2004,8,0.5177948717948718,0.7106923076923076,0.08944871794871795,0.2274850769230769,8.354076923076923e-05,0.16541282051282052
2004,9,0.5218936170212766,0.7456382978723405,0.08370851063829789,0.17028465531914894,0.004730984255319149,0.17998510638297874
2004,10,0.5432950819672131,0.8018688524590164,0.07801311475409836,0.09666603278688524,0.023671131475409835,0.21788032786885245
2004,11,0.5290625,0.8313333333333333,0.05985625,0.039288533333333334,0.024033585833333333,0.21748958333333335
2004,12,0.5474117647058824,0.829607843137255,0.06147450980392157,0.03211352156862745,0.024590731764705883,0.2075
2005,1,0.5768032786885247,0.8078360655737705,0.06230983606557377,0.039159678688524595,0.02777518032786885,0.20048360655737704
2005,2,0.5896166666666667,0.7874833333333334,0.07509,0.06457441666666666,0.0425088905,0.1641
2005,3,0.6039032258064516,0.7535645161290323,0.07900645161290322,0.08072306451612904,0.017630023387096773,0.15246451612903225
2005,4,0.622421052631579,0.7479684210526316,0.07907052631578948,0.12150444210526315,0.0027502978947368424,0.1809694736842105
2005,5,0.6151410256410257,0.7416025641025641,0.07543076923076923,0.14141271794871793,0.004487294102564102,0.16432307692307693
2005,6,0.6066027397260274,0.7414794520547945,0.07543150684931507,0.1449371506849315,0.004756288219178083,0.1487082191780822
2005,7,0.5966351351351352,0.7701216216216216,0.060114864864864864,0.13329168918918918,0.0058388868918918925,0.16758243243243243
2005,8,0.6042777777777778,0.8087592592592593,0.05899074074074074,0.10697651851851851,0.006417350925925926,0.18623703703703706
2005,9,0.6069056603773586,0.8182075471698114,0.058492452830188675,0.0744862641509434,0.00588172,0.19303396226415095
2005,10,0.5781551724137931,0.7696896551724137,0.06495862068965517,0.09825491379310344,0.005413706896551724,0.20988448275862068
2005,11,0.5652424242424242,0.7707575757575758,0.0720969696969697,0.08906684848484848,0.003076978181818182,0.2191212121212121
2005,12,0.6002592592592593,0.7275185185185186,0.0907111111111111,0.15191333333333332,8.074074074074075e-05,0.19791851851851852
2006,1,0.6005862068965517,0.6634137931034483,0.0774551724137931,0.22367448275862067,6.939999999999999e-05,0.17451724137931035
2006,2,0.5836944444444444,0.6736388888888889,0.07725555555555556,0.21281386666666668,0.00019266388888888888,0.17934444444444445
2006,3,0.5717115384615384,0.6915576923076923,0.06746538461538462,0.18349156153846155,0.0003301538461538461,0.1908673076923077
2006,4,0.5807536231884058,0.6928550724637681,0.04668115942028986,0.18226267536231883,0.0003484373913043478,0.17905217391304348
2006,5,0.6061090909090909,0.7094363636363636,0.044474545454545454,0.14235061818181818,0.00025058836363636364,0.17919636363636365
2006,6,0.6202244897959184,0.7272857142857143,0.04646326530612245,0.11829967346938776,0.00027966244897959186,0.1843020408163265
2006,7,0.6278507462686568,0.7264776119402985,0.04641940298507463,0.11424291044776119,0.00025864970149253735,0.1785223880597015
2006,8,0.602830985915493,0.7470422535211267,0.04712535211267605,0.10308997183098592,0.000205767323943662,0.17306478873239436
2006,9,0.5778192771084337,0.7679397590361446,0.048533734939759036,0.09776143373493976,0.00022747409638554218,0.16027469879518072
2006,10,0.5582280701754386,0.7711929824561403,0.0539,0.08248917543859649,5.700175438596491e-05,0.14725964912280703
2006,11,0.5455294117647058,0.7893333333333333,0.058164705882352945,0.06474937254901962,8.533176470588234e-05,0.1444529411764706
2006,12,0.539578125,0.803625,0.0559203125,0.054764609375,0.0002568734375,0.1427828125
2007,1,0.5449019607843137,0.8040196078431373,0.055988235294117644,0.06367545098039216,0.0002312141176470588,0.14444705882352943
2007,2,0.5615476190476191,0.8126428571428571,0.05837380952380953,0.07284342857142857,0.0020078171428571426,0.1704809523809524
2007,3,0.5688888888888889,0.8294666666666667,0.06634222222222223,0.08116837777777777,0.0028637108888888894,0.1986111111111111
2007,4,0.573404255319149,0.7689574468085106,0.06117446808510638,0.13341153191489363,0.0021936334042553193,0.19338297872340426
2007,5,0.5721111111111111,0.7633148148148149,0.056244444444444444,0.12861503703703703,0.0018082548148148148,0.1697537037037037
2007,6,0.5606760563380282,0.7390845070422536,0.05643239436619719,0.1393688028169014,0.0011812528169014083,0.18980140845070423
2007,7,0.5481111111111111,0.7168148148148148,0.05632222222222222,0.17007940740740743,0.00015548888888888889,0.1902296296296296
2007,8,0.5854255319148937,0.7492765957446809,0.059817021276595744,0.15267648936170214,0.00017931489361702125,0.19594468085106384
2007,9,0.6164459459459459,0.7408513513513514,0.05392297297297297,0.15503493243243244,2.1526756756756757e-05,0.16153378378378377
2007,10,0.6262272727272727,0.7233181818181817,0.04712575757575758,0.17622951515151514,0.00034567212121212117,0.13155606060606062
2007,11,0.6133508771929824,0.7079122807017544,0.04929824561403509,0.1967720701754386,0.00023684491228070174,0.12724912280701753
2007,12,0.6021159420289856,0.7301739130434782,0.058065217391304345,0.15662152173913044,0.0008281359420289854,0.11848840579710146
2008,1,0.6193846153846153,0.7364423076923077,0.06605,0.1259278269230769,0.0008824967307692308,0.12360961538461537
2008,2,0.5888913043478261,0.7294130434782609,0.06739782608695652,0.14523947826086955,0.0009532043478260869,0.11785434782608696
2008,3,0.6002,0.6757000000000001,0.0663,0.1905884,0.001078337,0.11380000000000001
2008,4,0.5857631578947369,0.7036578947368421,0.05223947368421052,0.2048732105263158,0.000854548947368421,0.14431315789473684
2008,5,0.6266274509803921,0.701156862745098,0.05504901960784314,0.2156707843137255,0.0001722305882352941,0.15551960784313726
2008,6,0.5824102564102563,0.7108461538461538,0.05310256410256411,0.1542425641025641,0.00013917076923076924,0.1578051282051282
2008,7,0.593609756097561,0.7346585365853658,0.043207317073170735,0.14736685365853658,0.0002573112195121951,0.14826341463414636
2008,8,0.6333333333333333,0.7502352941176471,0.045380392156862744,0.15168611764705883,5.9170980392156866e-05,0.15773725490196078
2008,9,0.6575471698113208,0.7767735849056603,0.04710566037735849,0.11204973584905661,0.00021584603773584904,0.16099245283018868
2008,10,0.6471060606060606,0.7606818181818181,0.051436363636363634,0.1596597575757576,0.0001739521212121212,0.18349545454545454
2008,11,0.6324130434782609,0.7499565217391304,0.051679347826086956,0.1779862141304348,0.0005915339130434783,0.1890141304347826
2008,12,0.6060919540229884,0.7334712643678161,0.055728735632183904,0.15963895057471264,0.001631304252873563,0.17138735632183907
2009,1,0.6242880000000001,0.740568,0.061192,0.14483950720000002,0.0018389004,0.17237200000000003
2009,2,0.6219896907216494,0.7436082474226804,0.06398041237113403,0.12553105154639177,0.002403660206185567,0.17485154639175257
2009,3,0.61796,0.73311,0.062748,0.10087802,0.0026914787,0.164009
2009,4,0.6062954545454545,0.7218863636363637,0.06337045454545455,0.09330788636363638,0.0027971149999999998,0.15916136363636363
2009,5,0.6279224137931034,0.7629310344827587,0.057874999999999996,0.07168668534482758,0.0016418278448275861,0.1628689655172414
2009,6,0.6087575757575758,0.7626767676767676,0.05551010101010101,0.06028158383838384,0.0003978557575757575,0.15396969696969698
2009,7,0.5801009174311926,0.7509266055045871,0.06069357798165138,0.07662318165137615,0.0007168411926605505,0.16634311926605505
2009,8,0.578888111888112,0.7309020979020979,0.06807342657342658,0.11601280069930071,0.002085535664335664,0.18358321678321676
2009,9,0.5978648648648649,0.6952162162162162,0.06933243243243244,0.13875738738738738,0.0006156843243243243,0.17726306306306308
2009,10,0.5947575757575757,0.7239318181818182,0.06675,0.11961583333333332,0.003100345075757576,0.17046439393939394
2009,11,0.60648,0.71076,0.065079,0.12066948,0.003356479,0.167387
2009,12,0.6163218390804598,0.7316091954022989,0.05948045977011494,0.1077907356321839,0.003458725747126437,0.1562816091954023
2010,1,0.6100194174757282,0.7487669902912621,0.05341650485436893,0.07680635922330097,0.0032013337864077672,0.15903106796116503
2010,2,0.6199571428571429,0.7488857142857143,0.046105714285714285,0.07102322857142856,0.0010242777142857144,0.15621714285714286
2010,3,0.6092833333333334,0.763,0.05337166666666667,0.08452206666666666,0.000108674,0.14671333333333333
2010,4,0.6108727272727272,0.7643818181818183,0.05472727272727273,0.09670116363636364,0.00010085163636363636,0.1549309090909091
2010,5,0.6245102040816326,0.7583673469387756,0.05715306122448979,0.10764861224489797,5.905551020408163e-05,0.16018367346938775
2010,6,0.6224130434782609,0.7543478260869566,0.07515869565217391,0.14023869565217392,7.100000000000001e-06,0.1549173913043478
2010,7,0.6202054794520547,0.7344657534246575,0.07291643835616438,0.16496561643835617,8.745479452054795e-06,0.1738095890410959
2010,8,0.6400188679245283,0.7615094339622641,0.06989811320754717,0.15713056603773587,9.077358490566037e-06,0.16918490566037733
2010,9,0.6408867924528302,0.7795471698113208,0.07031132075471698,0.13865037735849056,1.0111698113207545e-05,0.16012830188679247
2010,10,0.6613134328358209,0.7604776119402985,0.07177611940298508,0.15372425373134327,8.008955223880597e-06,0.1477716417910448
2010,11,0.6363191489361703,0.7399787234042554,0.056414893617021275,0.13447031914893617,1.167659574468085e-06,0.1478723404255319
2010,12,0.6212439024390244,0.702780487804878,0.046119512195121955,0.18206975609756096,1.3385365853658537e-06,0.09797560975609756
2011,1,0.6114912280701754,0.7035263157894737,0.04757719298245614,0.1642701754385965,0.00023113333333333333,0.10799298245614035
2011,2,0.5969830508474576,0.7328474576271187,0.050505084745762714,0.11706550847457627,0.0008758296610169491,0.12077966101694916
2011,3,0.612438596491228,0.7513333333333333,0.05886491228070176,0.09897372631578948,0.0008952340350877193,0.1317719298245614
2011,4,0.600027397260274,0.7477260273972602,0.0626,0.10452467123287672,0.0008814306849315069,0.1509808219178082
2011,5,0.6151739130434783,0.7796666666666666,0.0772072463768116,0.08344691014492753,0.006520869130434783,0.1663376811594203
2011,6,0.6108666666666667,0.7824666666666666,0.078352,0.07441089866666667,0.0083995828,0.175492
2011,7,0.6043142857142857,0.761742857142857,0.07019142857142857,0.08000189142857142,0.011075421428571429,0.20641714285714288
2011,8,0.5972363636363636,0.7749454545454545,0.06895454545454545,0.07362928727272727,0.011300007272727274,0.22274545454545452
2011,9,0.6096857142857143,0.7670142857142858,0.07022714285714285,0.09051315428571428,0.04406351271428571,0.22042142857142857
2011,10,0.6267349397590362,0.7717108433734939,0.07783614457831325,0.09353868192771085,0.04621605445783133,0.20770240963855421
2011,11,0.6433043478260869,0.7504202898550724,0.07383333333333333,0.11266930434782609,0.0436372084057971,0.17635797101449274
2011,12,0.6286206896551724,0.7597701149425287,0.07327931034482758,0.10814528735632184,0.043987472413793104,0.1658390804597701
2012,1,0.6353333333333333,0.7517999999999999,0.07715999999999999,0.12758943333333334,0.031911978,0.16756
2012,2,0.6127833333333332,0.7506,0.06738833333333334,0.1546252,0.0117667775,0.139605
2012,3,0.6342765957446809,0.7478617021276597,0.06860744680851065,0.1361752659574468,0.004964475,0.13429148936170213
2012,4,0.636358024691358,0.751567901234568,0.06576172839506172,0.10184901234567902,0.000405578024691358,0.13332716049382717
2012,5,0.6482784810126582,0.7848101265822784,0.06833924050632911,0.0657106075949367,0.001018440506329114,0.1438481012658228
2012,6,0.6371428571428572,0.78990756302521,0.06718151260504202,0.07680755462184874,0.0010368376470588237,0.1631924369747899
2012,7,0.6404455445544555,0.7826336633663367,0.053672277227722776,0.09976774257425743,0.0008157584158415842,0.17873069306930695
2012,8,0.6292018348623853,0.7620091743119266,0.05365871559633027,0.11622528440366973,0.0008839420183486239,0.18952018348623853
2012,9,0.6312554744525547,0.7405182481751824,0.05988978102189781,0.12417755474452555,0.0008825649635036497,0.19927007299270075
2012,10,0.6245825242718446,0.7083203883495146,0.05866407766990291,0.1389646213592233,0.000971426213592233,0.20537669902912623
2012,11,0.6187263157894737,0.6788000000000001,0.051131578947368424,0.15921364210526318,0.00019434936842105264,0.2001336842105263
2012,12,0.6230526315789474,0.6640175438596491,0.04805877192982456,0.14906213157894738,0.00019744684210526317,0.18431140350877193
2013,1,0.6218901098901098,0.6357582417582418,0.047975824175824175,0.17876697802197802,0.00020372307692307693,0.1740879120879121
2013,2,0.6223020833333334,0.61928125,0.047204166666666665,0.22093427083333336,0.019426181458333334,0.17962708333333333
2013,3,0.6177127659574467,0.6536276595744681,0.05028191489361702,0.19679851063829787,0.03288051446808511,0.2132606382978723
2013,4,0.60975,0.6445500000000001,0.04871,0.21734133333333333,0.041356594,0.18973500000000001
2013,5,0.5922115384615385,0.6106730769230769,0.05238269230769231,0.2769880769230769,0.04749437192307692,0.16352115384615384
2013,6,0.6132539682539683,0.6036507936507937,0.050109523809523805,0.2837038095238096,0.04898747698412699,0.18295238095238095
2013,7,0.6177115384615385,0.6228461538461538,0.051736538461538466,0.27208653846153846,0.047407147884615385,0.16877115384615385
2013,8,0.6315915492957747,0.6637464788732395,0.05462957746478873,0.21474281690140845,0.043328861126760564,0.1495281690140845
2013,9,0.6006935483870968,0.6639193548387097,0.049698387096774196,0.17572161290322583,0.03969028387096774,0.16036774193548387
2013,10,0.615265625,0.69603125,0.0427109375,0.1534128125,0.083148028125,0.183984375
2013,11,0.5827764705882353,0.6916588235294118,0.043381176470588236,0.16895811764705881,0.07826027529411765,0.2101058823529412
2013,12,0.569463768115942,0.6808550724637681,0.043007246376811595,0.18222710144927537,0.0771327304347826,0.19590579710144929
2014,1,0.588358208955224,0.6802835820895522,0.046922388059701496,0.1939207462686567,0.08516654328358209,0.1554865671641791
2014,2,0.5820958904109589,0.6854931506849314,0.0518027397260274,0.19056794520547946,0.0799289104109589,0.1546082191780822
2014,3,0.5921372549019608,0.6890196078431373,0.05762745098039216,0.1798979411764706,0.07767713676470589,0.14577843137254903
2014,4,0.5991375,0.7102125,0.06071875,0.1715656,0.074255393,0.1476025
2014,5,0.6135740740740742,0.7033425925925926,0.06057777777777778,0.1870276388888889,0.0620949499074074,0.14740833333333334
2014,6,0.6281397849462366,0.707010752688172,0.07157849462365591,0.16935544086021506,0.026615195268817206,0.1451258064516129
2014,7,0.6430631578947369,0.7143473684210526,0.0704378947368421,0.16738058947368423,0.006262182631578947,0.16042736842105262
2014,8,0.6655343511450382,0.7079083969465649,0.06850305343511451,0.16654690839694655,0.005925625267175572,0.15834580152671757
2014,9,0.6666530612244898,0.6867244897959184,0.07064897959183673,0.1950612244897959,0.005027451224489797,0.15590510204081634
2014,10,0.6432222222222223,0.6733888888888888,0.06815333333333333,0.20937555555555556,0.00041672155555555555,0.16570888888888888
2014,11,0.6445438596491228,0.681359649122807,0.06571666666666666,0.2144762807017544,0.0001903643859649123,0.1723657894736842
2014,12,0.6651234567901234,0.6883086419753086,0.07148888888888888,0.24965135802469135,0.000134040987654321,0.17191851851851853
2015,1,0.6534952380952381,0.7062476190476191,0.06855714285714286,0.23474714285714285,0.00027687752380952383,0.1948647619047619
2015,2,0.6390978260869565,0.699858695652174,0.05811630434782609,0.23590717391304347,0.0003493321739130435,0.18338260869565215
2015,3,0.6348620689655172,0.7003448275862069,0.059157471264367815,0.25310298850574714,0.0003567650574712644,0.16285172413793103
2015,4,0.642821052631579,0.7023157894736842,0.06647894736842105,0.2489962105263158,0.00029198484210526314,0.1791894736842105
2015,5,0.6556,0.712109090909091,0.07178636363636363,0.20368136363636363,0.0003173042727272727,0.17431181818181818
2015,6,0.6657183098591549,0.7107323943661973,0.07821549295774648,0.16033718309859155,0.0001728225352112676,0.18847605633802816
2015,7,0.6583709677419355,0.7221774193548387,0.07504193548387096,0.1238174193548387,0.00020340193548387095,0.1563483870967742
2015,8,0.6444487179487179,0.7312820512820513,0.0709371794871795,0.11117538461538462,7.43178205128205e-05,0.13945000000000002
2015,9,0.6360441176470588,0.7190588235294118,0.07374117647058824,0.1451676470588235,0.00028131352941176475,0.13498088235294117
2015,10,0.6509101123595505,0.69438202247191,0.07281460674157303,0.15109179775280898,0.00044889123595505615,0.13589213483146068
2015,11,0.6432692307692307,0.6991410256410256,0.08167948717948718,0.1369655128205128,0.00042219897435897435,0.14546153846153848
2015,12,0.633474358974359,0.7017948717948718,0.10665769230769231,0.16723717948717948,0.00042668153846153853,0.13909358974358974
2016,1,0.6313725490196079,0.6959215686274509,0.10865,0.1748650588235294,0.0003972955882352941,0.15291372549019608
2016,2,0.6316868686868686,0.6793636363636364,0.09292121212121211,0.1939370909090909,0.00032582222222222226,0.15072323232323231
2016,3,0.6275142857142857,0.668295238095238,0.08823238095238095,0.18349306666666665,0.00019335104761904762,0.14540095238095238
2016,4,0.6152068965517242,0.6444396551724138,0.0952396551724138,0.18202857758620689,5.3878189655172414e-05,0.16858706896551726
2016,5,0.5992191780821918,0.6315753424657534,0.10857260273972602,0.18853413698630136,4.393698630136987e-06,0.18986575342465756
2016,6,0.6014512195121952,0.6213658536585366,0.1135780487804878,0.18795478048780487,0.00013165170731707317,0.19701829268292684
2016,7,0.6185510204081632,0.602704081632653,0.10796020408163265,0.20034591836734694,0.0002502369387755102,0.20756632653061224
2016,8,0.6420819672131148,0.6028688524590163,0.11321967213114753,0.2257904918032787,0.0005961867213114754,0.20637704918032787
2016,9,0.6299600000000001,0.60056,0.118824,0.17532399999999998,0.0004210016,0.21366
2016,10,0.6068181818181818,0.6444696969696969,0.11329848484848484,0.13725954545454544,0.007303313636363637,0.2227
2016,11,0.5987313432835821,0.6777761194029851,0.10196567164179104,0.14394955223880596,0.009460709850746268,0.20445671641791047
2016,12,0.5826233766233766,0.6871038961038961,0.09466493506493506,0.15826701298701298,0.006173392857142857,0.18460649350649352
2017,1,0.5671090909090909,0.6719454545454545,0.09176545454545455,0.19236727272727272,6.324654545454545e-05,0.15789818181818183
2017,2,0.6095757575757575,0.6721818181818181,0.08601363636363636,0.21470363636363635,3.208090909090909e-05,0.1272939393939394
2017,3,0.6259855072463768,0.6208695652173913,0.08986811594202898,0.20618855072463768,0.000958596231884058,0.12461739130434782
2017,4,0.6300370370370371,0.6393827160493827,0.09855555555555555,0.1653477037037037,0.0013554723456790123,0.13404814814814817
2017,5,0.6537088607594936,0.6454177215189874,0.10300379746835443,0.15358959493670887,0.004505837341772152,0.1235860759493671
2017,6,0.6597999999999999,0.6433625000000001,0.0995675,0.16218385,0.007800422750000001,0.12353125000000001
2017,7,0.6843033707865168,0.6421348314606742,0.08203595505617978,0.1668568539325843,0.008769528651685394,0.11241348314606742
2017,8,0.6855925925925926,0.6265802469135803,0.07241851851851852,0.17810516049382716,0.007713856172839507,0.12854197530864198
2017,9,0.6963711340206186,0.6071134020618557,0.07233298969072165,0.18706907216494842,0.008050065670103093,0.11862577319587629
2017,10,0.6988846153846153,0.5911794871794872,0.054764102564102565,0.2048013846153846,0.007164226153846154,0.1147871794871795
2017,11,0.7030240963855422,0.6085180722891566,0.057592771084337344,0.2018217831325301,0.006468834939759037,0.11653855421686748
2017,12,0.7052857142857142,0.630938775510204,0.0644765306122449,0.18491469387755102,0.006854292346938776,0.12612551020408164
2018,1,0.6754074074074073,0.6565432098765432,0.08660246913580247,0.15488703703703705,0.006950521234567902,0.13888765432098765
2018,2,0.6836632653061224,0.6551938775510204,0.08447244897959183,0.14514408163265305,0.005999702040816327,0.17629795918367347
2018,3,0.685595041322314,0.6753388429752065,0.08128512396694215,0.11260181818181818,0.00567818438016529,0.17112975206611572
2018,4,0.6922916666666666,0.6895000000000001,0.08205,0.08684229166666667,0.005785720833333334,0.1695458333333333
2018,5,0.7133529411764705,0.6842588235294118,0.08800941176470589,0.10331529411764706,0.0018002957647058823,0.17407999999999998
2018,6,0.6838349514563107,0.6626699029126213,0.09162233009708738,0.1500626213592233,0.00022245533980582525,0.18312135922330097
2018,7,0.6685432098765433,0.6824691358024692,0.1036567901234568,0.14522419753086419,0.00022383432098765433,0.19971358024691357
2018,8,0.6549999999999999,0.679018691588785,0.1146317757009346,0.15692205607476634,0.00017214355140186916,0.19688971962616822
2018,9,0.6605736434108527,0.6808372093023256,0.11862480620155039,0.17109069767441862,0.0027518585271317834,0.18285891472868215
2018,10,0.6554255319148936,0.6662021276595744,0.12219148936170214,0.1918459574468085,0.014377635531914896,0.16683617021276598
2018,11,0.6422857142857142,0.6495274725274726,0.1184120879120879,0.2221210989010989,0.014852786703296704,0.17177032967032968
2018,12,0.6335555555555555,0.630212962962963,0.11321111111111112,0.26125601851851854,0.01550141212962963,0.15866759259259258
2019,1,0.6251375,0.6079125000000001,0.1085775,0.3060565,0.016700511125,0.14318250000000002
2019,2,0.6322926829268293,0.5900487804878048,0.12152073170731709,0.3280856097560976,0.016293223414634146,0.14295975609756098
2019,3,0.6411456310679612,0.5944466019417476,0.11999320388349516,0.30423252427184466,0.01621413009708738,0.15112135922330097
2019,4,0.6502045454545454,0.6130340909090909,0.13534431818181816,0.28920363636363633,0.02290404954545455,0.14259772727272726
2019,5,0.6768395061728395,0.6224074074074074,0.12864197530864196,0.2835528395061728,0.022957485925925926,0.13134197530864197
2019,6,0.6905604395604396,0.6084945054945055,0.12044175824175825,0.26835604395604395,0.02560309252747253,0.1339923076923077
2019,7,0.6955657894736842,0.6077105263157895,0.11099736842105264,0.25211815789473685,0.024421635789473685,0.16136052631578948
2019,8,0.6818505747126437,0.6120229885057471,0.10199770114942527,0.2511656321839081,0.02295922310344828,0.1636505747126437
2019,9,0.6637123287671233,0.6295479452054794,0.10682876712328766,0.24118054794520546,0.007305170136986301,0.17341780821917807
2019,10,0.6663472222222222,0.6131388888888889,0.08553472222222222,0.27993416666666665,0.007366945833333333,0.17228055555555555
2019,11,0.6662233009708738,0.5767087378640777,0.0923009708737864,0.29651067961165045,0.023396749611650485,0.18652330097087377
2019,12,0.6498901098901099,0.5732087912087912,0.0916098901098901,0.2983953846153846,0.03785842879120879,0.19431978021978022
2020,1,0.6624787234042554,0.586531914893617,0.08283191489361702,0.28868659574468086,0.03503368744680851,0.19178404255319148
2020,2,0.6816666666666666,0.5792575757575757,0.08113106060606061,0.2902753787878788,0.03296845424242424,0.1685568181818182
2020,3,0.6674395604395604,0.5915054945054945,0.07524945054945055,0.30408483516483514,0.031869857252747255,0.1771010989010989
2020,4,0.6882105263157894,0.6222947368421052,0.08004,0.24301189473684212,0.028082519368421054,0.17205052631578946
2020,5,0.6924666666666667,0.5958285714285714,0.08072857142857143,0.2872983809523809,0.031433694190476195,0.1679038095238095
2020,6,0.6979529411764706,0.6160941176470589,0.08086352941176471,0.2652863529411765,0.031059020705882352,0.18810470588235295
2020,7,0.6936857142857142,0.6375428571428572,0.08422857142857143,0.20947685714285713,0.009535882285714286,0.19906285714285715
2020,8,0.6850111111111111,0.6491666666666667,0.08984111111111111,0.19180622222222224,0.00014166333333333334,0.19957777777777777
2020,9,0.6527941176470589,0.6638529411764705,0.08411764705882352,0.19924235294117645,0.00014963470588235292,0.18338676470588236
2020,10,0.6277469879518073,0.6759036144578313,0.07218313253012049,0.17305060240963854,0.00018605963855421686,0.1588590361445783
2020,11,0.594014705882353,0.6156176470588236,0.05785294117647059,0.22738058823529414,0.003929343823529411,0.16437058823529413
2020,12,0.6201698113207547,0.5660754716981132,0.060581132075471694,0.2504732075471698,0.009894500377358492,0.15735849056603773
2021,1,0.6230116279069767,0.5723837209302326,0.06240116279069768,0.3004272093023256,0.008539482209302326,0.1952232558139535
2021,2,0.6236363636363637,0.5562727272727273,0.06753636363636364,0.3258846753246753,0.009264861558441558,0.19552337662337663
2021,3,0.6351617647058824,0.5768235294117646,0.07894558823529411,0.27425338235294117,0.011108023529411766,0.21824411764705884
2021,4,0.6193768115942029,0.5801884057971015,0.0870231884057971,0.2752236231884058,0.010944972463768117,0.2358985507246377
2021,5,0.5940588235294118,0.569529411764706,0.08763176470588235,0.2946408235294118,0.009525267764705882,0.22910823529411764
2021,6,0.5553333333333333,0.5822291666666667,0.10176249999999999,0.30776041666666665,0.0025845350000000002,0.19932916666666667
2021,7,0.5446315789473685,0.5860175438596491,0.09127894736842104,0.3210735087719298,0.0006244982456140352,0.19382631578947368
2021,8,0.5714545454545455,0.6410909090909092,0.09324545454545455,0.24173545454545453,0.00029778363636363635,0.16844545454545454
2021,9,0.579375,0.6371,0.09497,0.2588495,0.00032035600000000005,0.165235
2021,10,0.6137659574468085,0.6802127659574467,0.10947659574468084,0.1902351063829787,0.00024730425531914896,0.17740851063829788
2021,11,0.6344444444444445,0.675,0.10218888888888888,0.16028555555555554,0.0002341777777777778,0.17073333333333332
